,V1,V2,V3
1,BTG2,BTG2,1
2,BTG2,FEV,1
3,BTG2,MYBL2,-0.550957734530441
4,BTG2,NFE2L2,-1
5,BTG2,NR5A1,-1
6,BTG2,PLAGL2,-1
7,BTG2,SFPQ,-1
8,BTG2,SOX11,1
9,BTG2,SRF,-1
10,BTG2,TCF12,-1
11,FEV,FEV,1
12,FEV,MYBL2,-0.550957734530441
13,FEV,NFE2L2,-1
14,FEV,NR5A1,-1
15,FEV,PLAGL2,-1
16,FEV,SFPQ,-1
17,FEV,SOX11,1
18,FEV,SRF,-1
19,FEV,TCF12,-1
20,MYBL2,MYBL2,1
21,MYBL2,NFE2L2,0.550957734530441
22,MYBL2,NR5A1,0.550957734530441
23,MYBL2,PLAGL2,0.550957734530441
24,MYBL2,SFPQ,0.550957734530441
25,MYBL2,SOX11,-0.550957734530441
26,MYBL2,SRF,0.550957734530441
27,MYBL2,TCF12,0.550957734530441
28,MYBL2,AHR,0.663987148221429
29,MYBL2,ATF2,0.663987148221429
30,MYBL2,ATF3,0.502514846002041
31,MYBL2,CEBPA,0.663987148221429
32,MYBL2,CEBPD,0.663987148221429
33,MYBL2,CREB3,0.663987148221429
34,MYBL2,ELF4,-0.663987148221429
35,MYBL2,GFI1B,0.663987148221429
36,MYBL2,HLX,-0.663987148221429
37,MYBL2,HOXA1,0.663987148221429
38,MYBL2,MEF2A,-0.663987148221429
39,MYBL2,MNT,0.508622644344304
40,MYBL2,MYBL1,0.521456728375502
41,MYBL2,POU2AF1,0.512739948175553
42,MYBL2,POU2F2,0.663987148221429
43,MYBL2,POU4F1,0.663987148221429
44,MYBL2,TOX3,0.540028361036425
45,MYBL2,VDR,-0.663987148221429
46,MYBL2,CREB5,0.538895733055197
47,MYBL2,HOPX,0.538895733055197
48,MYBL2,HOXB7,0.538895733055197
49,MYBL2,NR4A1,-0.538895733055197
50,MYBL2,SMARCA1,0.538895733055197
51,NFE2L2,NFE2L2,1
52,NFE2L2,NR5A1,1
53,NFE2L2,PLAGL2,1
54,NFE2L2,SFPQ,1
55,NFE2L2,SOX11,-1
56,NFE2L2,SRF,1
57,NFE2L2,TCF12,1
58,NR5A1,NR5A1,1
59,NR5A1,PLAGL2,1
60,NR5A1,SFPQ,1
61,NR5A1,SOX11,-1
62,NR5A1,SRF,1
63,NR5A1,TCF12,1
64,PLAGL2,PLAGL2,1
65,PLAGL2,SFPQ,1
66,PLAGL2,SOX11,-1
67,PLAGL2,SRF,1
68,PLAGL2,TCF12,1
69,SFPQ,SFPQ,1
70,SFPQ,SOX11,-1
71,SFPQ,SRF,1
72,SFPQ,TCF12,1
73,SOX11,SOX11,1
74,SOX11,SRF,-1
75,SOX11,TCF12,-1
76,SRF,SRF,1
77,SRF,TCF12,1
78,SRSF2,SRSF2,1
79,SRSF2,ARNT,-0.540827214127196
80,SRSF2,FOXO1,-0.540827214127196
81,SRSF2,GTF3A,0.540827214127196
82,SRSF2,HIF1A,0.540827214127196
83,SRSF2,LHX8,-0.540827214127196
84,SRSF2,MECP2,0.540827214127196
85,SRSF2,NEUROG2,-0.540827214127196
86,SRSF2,PARK7,0.540827214127196
87,SRSF2,SOX6,-0.540827214127196
88,SRSF2,TBPL2,0.540827214127196
89,SRSF2,DOT1L,-0.524886901383006
90,SRSF2,HDAC1,0.524886901383006
91,SRSF2,NEUROG1,-0.524886901383006
92,SRSF2,SP1,-0.524886901383006
93,SRSF2,STAT1,-0.524886901383006
94,TCF12,TCF12,1
95,AHR,AHR,1
96,AHR,ATF2,1
97,AHR,ATF3,0.704210814863265
98,AHR,CEBPA,1
99,AHR,CEBPD,1
100,AHR,CREB3,1
101,AHR,ELF4,-1
102,AHR,GFI1B,1
103,AHR,HLX,-1
104,AHR,HOXA1,1
105,AHR,HOXB13,-0.644650751961341
106,AHR,IRF4,0.678518043315209
107,AHR,MAFA,0.710120786203973
108,AHR,MEF2A,-1
109,AHR,MNT,0.714150275618142
110,AHR,MYBL1,0.735112581056322
111,AHR,POU2AF1,0.720863514889739
112,AHR,POU2F2,1
113,AHR,POU4F1,1
114,AHR,SPDEF,0.646342732491934
115,AHR,TOX3,0.765652698619441
116,AHR,VDR,-1
117,ATF2,ATF2,1
118,ATF2,ATF3,0.704210814863265
119,ATF2,CEBPA,1
120,ATF2,CEBPD,1
121,ATF2,CREB3,1
122,ATF2,ELF4,-1
123,ATF2,GFI1B,1
124,ATF2,HLX,-1
125,ATF2,HOXA1,1
126,ATF2,HOXB13,-0.644650751961341
127,ATF2,IRF4,0.678518043315209
128,ATF2,MAFA,0.710120786203973
129,ATF2,MEF2A,-1
130,ATF2,MNT,0.714150275618142
131,ATF2,MYBL1,0.735112581056322
132,ATF2,POU2AF1,0.720863514889739
133,ATF2,POU2F2,1
134,ATF2,POU4F1,1
135,ATF2,SPDEF,0.646342732491934
136,ATF2,TOX3,0.765652698619441
137,ATF2,VDR,-1
138,ATF3,ATF3,1
139,ATF3,CEBPA,0.704210814863264
140,ATF3,CEBPD,0.704210814863265
141,ATF3,CREB3,0.704210814863265
142,ATF3,ELF4,-0.704210814863265
143,ATF3,GFI1B,0.704210814863265
144,ATF3,HLX,-0.704210814863265
145,ATF3,HOXA1,0.704210814863265
146,ATF3,MAFA,0.522797025153702
147,ATF3,MEF2A,-0.704210814863265
148,ATF3,POU2F2,0.704210814863265
149,ATF3,POU4F1,0.704210814863265
150,ATF3,TOX3,0.518421608993961
151,ATF3,VDR,-0.704210814863265
152,ATF3,ASCL2,0.678701687421901
153,ATF3,ATF5,0.678701687421901
154,ATF3,E2F7,0.678701687421901
155,ATF3,GATA1,-0.678701687421901
156,ATF3,NFKB,0.678701687421901
157,ATF3,ZBTB33,-0.678701687421901
158,ATF3,ZNF384,0.678701687421901
159,CEBPA,CEBPA,1
160,CEBPA,CEBPD,1
161,CEBPA,CREB3,1
162,CEBPA,ELF4,-1
163,CEBPA,GFI1B,1
164,CEBPA,HLX,-1
165,CEBPA,HOXA1,1
166,CEBPA,HOXB13,-0.644650751961341
167,CEBPA,IRF4,0.678518043315209
168,CEBPA,MAFA,0.710120786203973
169,CEBPA,MEF2A,-1
170,CEBPA,MNT,0.714150275618142
171,CEBPA,MYBL1,0.735112581056322
172,CEBPA,POU2AF1,0.720863514889739
173,CEBPA,POU2F2,1
174,CEBPA,POU4F1,1
175,CEBPA,SPDEF,0.646342732491934
176,CEBPA,TOX3,0.765652698619441
177,CEBPA,VDR,-1
178,CEBPD,CEBPD,1
179,CEBPD,CREB3,1
180,CEBPD,ELF4,-1
181,CEBPD,GFI1B,1
182,CEBPD,HLX,-1
183,CEBPD,HOXA1,1
184,CEBPD,HOXB13,-0.644650751961341
185,CEBPD,IRF4,0.678518043315209
186,CEBPD,MAFA,0.710120786203973
187,CEBPD,MEF2A,-1
188,CEBPD,MNT,0.714150275618142
189,CEBPD,MYBL1,0.735112581056322
190,CEBPD,POU2AF1,0.720863514889739
191,CEBPD,POU2F2,1
192,CEBPD,POU4F1,1
193,CEBPD,SPDEF,0.646342732491934
194,CEBPD,TOX3,0.765652698619441
195,CEBPD,VDR,-1
196,CREB3,CREB3,1
197,CREB3,ELF4,-1
198,CREB3,GFI1B,1
199,CREB3,HLX,-1
200,CREB3,HOXA1,1
201,CREB3,HOXB13,-0.644650751961341
202,CREB3,IRF4,0.678518043315209
203,CREB3,MAFA,0.710120786203973
204,CREB3,MEF2A,-1
205,CREB3,MNT,0.714150275618142
206,CREB3,MYBL1,0.735112581056322
207,CREB3,POU2AF1,0.720863514889739
208,CREB3,POU2F2,1
209,CREB3,POU4F1,1
210,CREB3,SPDEF,0.646342732491934
211,CREB3,TOX3,0.765652698619441
212,CREB3,VDR,-1
213,ELF4,ELF4,1
214,ELF4,GFI1B,-1
215,ELF4,HLX,1
216,ELF4,HOXA1,-1
217,ELF4,HOXB13,0.644650751961341
218,ELF4,IRF4,-0.678518043315209
219,ELF4,MAFA,-0.710120786203973
220,ELF4,MEF2A,1
221,ELF4,MNT,-0.714150275618142
222,ELF4,MYBL1,-0.735112581056322
223,ELF4,POU2AF1,-0.720863514889739
224,ELF4,POU2F2,-1
225,ELF4,POU4F1,-1
226,ELF4,SPDEF,-0.646342732491934
227,ELF4,TOX3,-0.765652698619441
228,ELF4,VDR,1
229,GFI1B,GFI1B,1
230,GFI1B,HLX,-1
231,GFI1B,HOXA1,1
232,GFI1B,HOXB13,-0.644650751961341
233,GFI1B,IRF4,0.678518043315209
234,GFI1B,MAFA,0.710120786203973
235,GFI1B,MEF2A,-1
236,GFI1B,MNT,0.714150275618142
237,GFI1B,MYBL1,0.735112581056322
238,GFI1B,POU2AF1,0.720863514889739
239,GFI1B,POU2F2,1
240,GFI1B,POU4F1,1
241,GFI1B,SPDEF,0.646342732491934
242,GFI1B,TOX3,0.765652698619441
243,GFI1B,VDR,-1
244,HLX,HLX,1
245,HLX,HOXA1,-1
246,HLX,HOXB13,0.644650751961341
247,HLX,IRF4,-0.678518043315209
248,HLX,MAFA,-0.710120786203973
249,HLX,MEF2A,1
250,HLX,MNT,-0.714150275618142
251,HLX,MYBL1,-0.735112581056322
252,HLX,POU2AF1,-0.720863514889739
253,HLX,POU2F2,-1
254,HLX,POU4F1,-1
255,HLX,SPDEF,-0.646342732491934
256,HLX,TOX3,-0.765652698619441
257,HLX,VDR,1
258,HOXA1,HOXA1,1
259,HOXA1,HOXB13,-0.644650751961341
260,HOXA1,IRF4,0.678518043315209
261,HOXA1,MAFA,0.710120786203973
262,HOXA1,MEF2A,-1
263,HOXA1,MNT,0.714150275618142
264,HOXA1,MYBL1,0.735112581056322
265,HOXA1,POU2AF1,0.720863514889739
266,HOXA1,POU2F2,1
267,HOXA1,POU4F1,1
268,HOXA1,SPDEF,0.646342732491934
269,HOXA1,TOX3,0.765652698619441
270,HOXA1,VDR,-1
271,HOXB13,HOXB13,1
272,HOXB13,IRF4,-0.99897969332197
273,HOXB13,MEF2A,0.644650751961341
274,HOXB13,MNT,-0.995505763697735
275,HOXB13,POU2F2,-0.644650751961341
276,HOXB13,POU4F1,-0.644650751961341
277,HOXB13,VDR,0.644650751961341
278,HOXB13,AHRR,-0.735726008596209
279,HOXB13,EBF1,-0.735726008596209
280,HOXB13,HOXA10,-0.735726008596209
281,HOXB13,NFKB2,-0.570710447885678
282,HOXB13,NR3C1,0.50518560728626
283,HOXB13,PAX5,-0.735726008596209
284,HOXB13,PITX3,-0.735726008596209
285,HOXB13,TBX21,-0.735726008596209
286,HOXB13,TEAD4,0.735726008596209
287,HOXB13,TGFB1I1,-0.735726008596209
288,HOXB13,ZBTB32,0.735726008596209
289,IRF4,IRF4,1
290,IRF4,MAFA,0.505339112925159
291,IRF4,MEF2A,-0.678518043315209
292,IRF4,MNT,0.998766892341972
293,IRF4,POU2F2,0.678518043315209
294,IRF4,POU4F1,0.678518043315209
295,IRF4,VDR,-0.678518043315209
296,IRF4,AHRR,0.704388309317923
297,IRF4,EBF1,0.704388309317923
298,IRF4,HOXA10,0.704388309317923
299,IRF4,NFKB2,0.548253496921622
300,IRF4,PAX5,0.704388309317923
301,IRF4,PITX3,0.704388309317923
302,IRF4,TBX21,0.704388309317923
303,IRF4,TEAD4,-0.704388309317923
304,IRF4,TGFB1I1,0.704388309317923
305,IRF4,ZBTB32,-0.704388309317923
306,MAFA,MAFA,1
307,MAFA,MEF2A,-0.710120786203973
308,MAFA,MNT,0.529535253951797
309,MAFA,MYBL1,0.543715427036281
310,MAFA,POU2AF1,0.534081147750548
311,MAFA,POU2F2,0.710120786203973
312,MAFA,POU4F1,0.710120786203974
313,MAFA,TOX3,0.564292365610068
314,MAFA,VDR,-0.710120786203973
315,MAFA,ZNF804A,0.521041869676144
316,MAFA,ERF,-0.734288894092121
317,MEF2A,MEF2A,1
318,MEF2A,MNT,-0.714150275618142
319,MEF2A,MYBL1,-0.735112581056322
320,MEF2A,POU2AF1,-0.720863514889739
321,MEF2A,POU2F2,-1
322,MEF2A,POU4F1,-1
323,MEF2A,SPDEF,-0.646342732491934
324,MEF2A,TOX3,-0.765652698619441
325,MEF2A,VDR,1
326,MNT,MNT,1
327,MNT,MYBL1,0.503410107128717
328,MNT,POU2F2,0.714150275618142
329,MNT,POU4F1,0.714150275618142
330,MNT,TOX3,0.526324128886913
331,MNT,VDR,-0.714150275618142
332,MNT,AHRR,0.668280473488571
333,MNT,EBF1,0.668280473488571
334,MNT,HOXA10,0.668280473488571
335,MNT,NFKB2,0.522275826767356
336,MNT,PAX5,0.668280473488571
337,MNT,PITX3,0.668280473488571
338,MNT,TBX21,0.668280473488571
339,MNT,TEAD4,-0.668280473488571
340,MNT,TGFB1I1,0.668280473488571
341,MNT,ZBTB32,-0.668280473488571
342,MYBL1,MYBL1,1
343,MYBL1,POU2AF1,0.508558195638185
344,MYBL1,POU2F2,0.735112581056322
345,MYBL1,POU4F1,0.735112581056322
346,MYBL1,TOX3,0.998931922453806
347,MYBL1,VDR,-0.735112581056322
348,MYBL1,CREBZF,-0.645342552233257
349,MYBL1,HOXD13,-0.645342552233257
350,MYBL1,NOTCH1,-0.645342552233257
351,POU2AF1,POU2AF1,1
352,POU2AF1,POU2F2,0.720863514889739
353,POU2AF1,POU4F1,0.72086351488974
354,POU2AF1,TOX3,0.531666335958847
355,POU2AF1,VDR,-0.720863514889739
356,POU2AF1,BATF,-0.661079762767188
357,POU2AF1,CTCFL,-0.661079762767188
358,POU2AF1,ETV6,0.661079762767188
359,POU2AF1,FOXI1,-0.661079762767188
360,POU2AF1,HOXD1,0.661079762767188
361,POU2AF1,IKZF1,0.661079762767188
362,POU2AF1,POU2F1,0.661079762767188
363,POU2AF1,PRDM1,-0.661079762767188
364,POU2AF1,PTF1A,0.661079762767188
365,POU2AF1,RREB1,-0.661079762767188
366,POU2AF1,ZBTB4,0.661079762767188
367,POU2F2,POU2F2,1
368,POU2F2,POU4F1,1
369,POU2F2,SPDEF,0.646342732491934
370,POU2F2,TOX3,0.765652698619441
371,POU2F2,VDR,-1
372,POU4F1,POU4F1,1
373,POU4F1,SPDEF,0.646342732491934
374,POU4F1,TOX3,0.765652698619441
375,POU4F1,VDR,-1
376,SPDEF,SPDEF,1
377,SPDEF,VDR,-0.646342732491934
378,SPDEF,EGR4,-0.734223812239402
379,SPDEF,ETV2,-0.537568895021671
380,SPDEF,JDP2,-0.734223812239402
381,SPDEF,MAFB,-0.734223812239402
382,SPDEF,MAX,0.559726775599277
383,SPDEF,RUNX1,-0.734223812239402
384,TOX3,TOX3,1
385,TOX3,VDR,-0.765652698619441
386,TOX3,CREBZF,-0.609356657803525
387,TOX3,HOXD13,-0.609356657803525
388,TOX3,NOTCH1,-0.609356657803525
389,VDR,VDR,1
390,CREBZF,CREBZF,1
391,CREBZF,HOXD13,1
392,CREBZF,MLXIPL,0.713094305401418
393,CREBZF,NOTCH1,1
394,CREBZF,SIRT1,-0.648975376188395
395,HOXD13,HOXD13,1
396,HOXD13,MLXIPL,0.713094305401418
397,HOXD13,NOTCH1,1
398,HOXD13,SIRT1,-0.648975376188395
399,MLXIPL,MLXIPL,1
400,MLXIPL,NOTCH1,0.713094305401418
401,MLXIPL,SIRT1,-0.996159870600679
402,MLXIPL,ARID3A,0.512928337071205
403,MLXIPL,ARNT,-0.731409273450462
404,MLXIPL,FOXO1,-0.731409273450462
405,MLXIPL,GTF3A,0.731409273450462
406,MLXIPL,HCFC1,0.538701661228839
407,MLXIPL,HIF1A,0.731409273450462
408,MLXIPL,LHX8,-0.731409273450462
409,MLXIPL,MECP2,0.731409273450462
410,MLXIPL,MITF,-0.520519944269299
411,MLXIPL,NEUROG2,-0.731409273450462
412,MLXIPL,PARK7,0.731409273450462
413,MLXIPL,SOX6,-0.731409273450462
414,MLXIPL,TBPL2,0.731409273450462
415,MLXIPL,TFDP1,0.51764347982807
416,MLXIPL,TP53,-0.529523056802086
417,MLXIPL,ZHX2,-0.525856502777942
418,NOTCH1,NOTCH1,1
419,NOTCH1,SIRT1,-0.648975376188395
420,SIRT1,SIRT1,1
421,SIRT1,ARID3A,-0.556546823672652
422,SIRT1,ARNT,0.788306290830375
423,SIRT1,E2F3,-0.532454857234747
424,SIRT1,FOXO1,0.788306290830375
425,SIRT1,GTF3A,-0.788306290830375
426,SIRT1,HCFC1,-0.584119261399707
427,SIRT1,HIF1A,-0.788306290830375
428,SIRT1,LHX8,0.788306290830375
429,SIRT1,MECP2,-0.788306290830375
430,SIRT1,MITF,0.557025314877418
431,SIRT1,NEUROG2,0.788306290830375
432,SIRT1,PARK7,-0.788306290830375
433,SIRT1,SOX6,0.788306290830375
434,SIRT1,TBPL2,-0.788306290830375
435,SIRT1,TFDP1,-0.561592580635457
436,SIRT1,TP53,0.566794762493559
437,SIRT1,ZHX2,0.562815821652993
438,SIRT1,ZNF804A,-0.536987375682233
439,TWIST2,TWIST2,1
440,TWIST2,ZFPM2,-1
441,ZFPM2,ZFPM2,1
442,BHLHE40,BHLHE40,1
443,BHLHE40,ENO1,-0.708540329219972
444,BHLHE40,AHRR,-0.674196918989832
445,BHLHE40,EBF1,-0.674196918989832
446,BHLHE40,HOXA10,-0.674196918989832
447,BHLHE40,NFKB2,-0.526539297855552
448,BHLHE40,PAX5,-0.674196918989832
449,BHLHE40,PITX3,-0.674196918989832
450,BHLHE40,TBX21,-0.674196918989832
451,BHLHE40,TEAD4,0.674196918989832
452,BHLHE40,TGFB1I1,-0.674196918989832
453,BHLHE40,ZBTB32,0.674196918989832
454,ENO1,ENO1,1
455,ARID1B,ARID1B,1
456,ARID1B,BATF,0.683081435015081
457,ARID1B,CTCFL,0.68308143501508
458,ARID1B,ETV6,-0.683081435015081
459,ARID1B,FOXI1,0.683081435015081
460,ARID1B,HOXD1,-0.68308143501508
461,ARID1B,IKZF1,-0.683081435015081
462,ARID1B,POU2F1,-0.683081435015081
463,ARID1B,PRDM1,0.683081435015081
464,ARID1B,PTF1A,-0.683081435015081
465,ARID1B,RREB1,0.68308143501508
466,ARID1B,ZBTB4,-0.68308143501508
467,ARID1B,AHRR,-0.69995239253716
468,ARID1B,EBF1,-0.69995239253716
469,ARID1B,HOXA10,-0.69995239253716
470,ARID1B,NFKB2,-0.54506770467888
471,ARID1B,PAX5,-0.69995239253716
472,ARID1B,PITX3,-0.69995239253716
473,ARID1B,TBX21,-0.69995239253716
474,ARID1B,TEAD4,0.69995239253716
475,ARID1B,TGFB1I1,-0.69995239253716
476,ARID1B,ZBTB32,0.69995239253716
477,BATF,BATF,1
478,BATF,BHLHE41,0.631566962113972
479,BATF,CTCFL,1
480,BATF,ETV6,-1
481,BATF,FOXI1,1
482,BATF,HDAC7,-0.553706303870582
483,BATF,HOXD1,-1
484,BATF,IKZF1,-1
485,BATF,KLF1,-0.666013486245153
486,BATF,MBD1,0.551830845671041
487,BATF,POU2F1,-1
488,BATF,PRDM1,1
489,BATF,PTF1A,-1
490,BATF,RREB1,1
491,BATF,ZBTB4,-1
492,BHLHE41,BHLHE41,1
493,BHLHE41,CTCFL,0.631566962113972
494,BHLHE41,ETV6,-0.631566962113973
495,BHLHE41,FOXI1,0.631566962113972
496,BHLHE41,HOXD1,-0.631566962113972
497,BHLHE41,IKZF1,-0.631566962113972
498,BHLHE41,POU2F1,-0.631566962113972
499,BHLHE41,PRDM1,0.631566962113972
500,BHLHE41,PTF1A,-0.631566962113972
501,BHLHE41,RREB1,0.631566962113972
502,BHLHE41,ZBTB4,-0.631566962113973
503,BHLHE41,FHL2,0.535203962485303
504,BHLHE41,FOXH1,0.535203962485303
505,BHLHE41,HEY2,0.535203962485303
506,BHLHE41,KLF3,0.535203962485303
507,BHLHE41,MEIS2,-0.535203962485303
508,BHLHE41,MXI1,0.535203962485303
509,BHLHE41,NUPR1,-0.535203962485303
510,BHLHE41,RELB,-0.535203962485303
511,BHLHE41,SALL3,-0.535203962485303
512,BHLHE41,SMAD2,0.535203962485303
513,BHLHE41,TBX1,0.535203962485303
514,CTCFL,CTCFL,1
515,CTCFL,ETV6,-1
516,CTCFL,FOXI1,1
517,CTCFL,HDAC7,-0.553706303870582
518,CTCFL,HOXD1,-1
519,CTCFL,IKZF1,-1
520,CTCFL,KLF1,-0.666013486245153
521,CTCFL,MBD1,0.551830845671041
522,CTCFL,POU2F1,-1
523,CTCFL,PRDM1,1
524,CTCFL,PTF1A,-1
525,CTCFL,RREB1,1
526,CTCFL,ZBTB4,-1
527,ETV6,ETV6,1
528,ETV6,FOXI1,-1
529,ETV6,HDAC7,0.553706303870582
530,ETV6,HOXD1,1
531,ETV6,IKZF1,1
532,ETV6,KLF1,0.666013486245153
533,ETV6,MBD1,-0.551830845671041
534,ETV6,POU2F1,1
535,ETV6,PRDM1,-1
536,ETV6,PTF1A,1
537,ETV6,RREB1,-1
538,ETV6,ZBTB4,1
539,FOXI1,FOXI1,1
540,FOXI1,HDAC7,-0.553706303870582
541,FOXI1,HOXD1,-1
542,FOXI1,IKZF1,-1
543,FOXI1,KLF1,-0.666013486245153
544,FOXI1,MBD1,0.551830845671041
545,FOXI1,POU2F1,-1
546,FOXI1,PRDM1,1
547,FOXI1,PTF1A,-1
548,FOXI1,RREB1,1
549,FOXI1,ZBTB4,-1
550,HDAC7,HDAC7,1
551,HDAC7,HOXD1,0.553706303870582
552,HDAC7,IKZF1,0.553706303870582
553,HDAC7,POU2F1,0.553706303870582
554,HDAC7,PRDM1,-0.553706303870582
555,HDAC7,PTF1A,0.553706303870582
556,HDAC7,RREB1,-0.553706303870582
557,HDAC7,ZBTB4,0.553706303870582
558,HDAC7,ASCL2,-0.589917176191183
559,HDAC7,ATF5,-0.589917176191183
560,HDAC7,E2F7,-0.589917176191183
561,HDAC7,GATA1,0.589917176191183
562,HDAC7,NFKB,-0.589917176191183
563,HDAC7,ZBTB33,0.589917176191183
564,HDAC7,ZNF384,-0.589917176191183
565,HDAC7,ARNT,-0.610868254498313
566,HDAC7,FOXO1,-0.610868254498313
567,HDAC7,GTF3A,0.610868254498313
568,HDAC7,HIF1A,0.610868254498313
569,HDAC7,LHX8,-0.610868254498313
570,HDAC7,MECP2,0.610868254498313
571,HDAC7,NEUROG2,-0.610868254498312
572,HDAC7,PARK7,0.610868254498313
573,HDAC7,SOX6,-0.610868254498313
574,HDAC7,TBPL2,0.610868254498313
575,HOXD1,HOXD1,1
576,HOXD1,IKZF1,1
577,HOXD1,KLF1,0.666013486245153
578,HOXD1,MBD1,-0.551830845671041
579,HOXD1,POU2F1,1
580,HOXD1,PRDM1,-1
581,HOXD1,PTF1A,1
582,HOXD1,RREB1,-1
583,HOXD1,ZBTB4,1
584,IKZF1,IKZF1,1
585,IKZF1,KLF1,0.666013486245153
586,IKZF1,MBD1,-0.551830845671041
587,IKZF1,POU2F1,1
588,IKZF1,PRDM1,-1
589,IKZF1,PTF1A,1
590,IKZF1,RREB1,-1
591,IKZF1,ZBTB4,1
592,KLF1,KLF1,1
593,KLF1,POU2F1,0.666013486245153
594,KLF1,PRDM1,-0.666013486245153
595,KLF1,PTF1A,0.666013486245153
596,KLF1,RREB1,-0.666013486245153
597,KLF1,ZBTB4,0.666013486245153
598,KLF1,NFIA,-0.556575948729107
599,KLF1,MAX,0.529933309078498
600,KLF1,TP53,0.554779368175506
601,KLF1,NR3C1,0.537411923826573
602,KLF1,EWSR1,-0.506437629085601
603,KLF1,FHL2,0.774191427678183
604,KLF1,FOXH1,0.774191427678183
605,KLF1,FOXO4,0.55770567529701
606,KLF1,HEY2,0.774191427678183
607,KLF1,KLF3,0.774191427678183
608,KLF1,MEIS2,-0.774191427678183
609,KLF1,MXI1,0.774191427678183
610,KLF1,NUPR1,-0.774191427678183
611,KLF1,RELB,-0.774191427678183
612,KLF1,SALL3,-0.774191427678183
613,KLF1,SMAD2,0.774191427678184
614,KLF1,TBX1,0.774191427678183
615,MBD1,MBD1,1
616,MBD1,POU2F1,-0.551830845671041
617,MBD1,PRDM1,0.551830845671041
618,MBD1,PTF1A,-0.551830845671041
619,MBD1,RREB1,0.551830845671041
620,MBD1,ZBTB4,-0.551830845671041
621,MBD1,EGR4,0.545165719976628
622,MBD1,FOXF2,0.792645503905147
623,MBD1,JDP2,0.545165719976628
624,MBD1,MAFB,0.545165719976628
625,MBD1,RUNX1,0.545165719976628
626,MBD1,FOXC1,-0.55797023825467
627,MBD1,MYOD1,0.55797023825467
628,MBD1,RUNX3,0.557970238254671
629,MBD1,ZGPAT,0.557970238254671
630,POU2F1,POU2F1,1
631,POU2F1,PRDM1,-1
632,POU2F1,PTF1A,1
633,POU2F1,RREB1,-1
634,POU2F1,ZBTB4,1
635,PRDM1,PRDM1,1
636,PRDM1,PTF1A,-1
637,PRDM1,RREB1,1
638,PRDM1,ZBTB4,-1
639,PTF1A,PTF1A,1
640,PTF1A,RREB1,-1
641,PTF1A,ZBTB4,1
642,RREB1,RREB1,1
643,RREB1,ZBTB4,-1
644,ZBTB4,ZBTB4,1
645,ASCL2,ASCL2,1
646,ASCL2,ATF5,1
647,ASCL2,E2F7,1
648,ASCL2,GATA1,-1
649,ASCL2,HDGF,0.645430514962076
650,ASCL2,NFIA,0.691039235697347
651,ASCL2,NFKB,1
652,ASCL2,ZBTB33,-1
653,ASCL2,ZNF384,1
654,ATF5,ATF5,1
655,ATF5,E2F7,1
656,ATF5,GATA1,-1
657,ATF5,HDGF,0.645430514962076
658,ATF5,NFIA,0.691039235697347
659,ATF5,NFKB,1
660,ATF5,ZBTB33,-1
661,ATF5,ZNF384,1
662,E2F7,E2F7,1
663,E2F7,GATA1,-1
664,E2F7,HDGF,0.645430514962076
665,E2F7,NFIA,0.691039235697347
666,E2F7,NFKB,1
667,E2F7,ZBTB33,-1
668,E2F7,ZNF384,1
669,GATA1,GATA1,1
670,GATA1,HDGF,-0.645430514962076
671,GATA1,NFIA,-0.691039235697347
672,GATA1,NFKB,-1
673,GATA1,ZBTB33,1
674,GATA1,ZNF384,-1
675,HDGF,HDGF,1
676,HDGF,HSF4,0.657078909993398
677,HDGF,NFKB,0.645430514962076
678,HDGF,ZBTB33,-0.645430514962076
679,HDGF,ZNF384,0.645430514962076
680,HDGF,HTATIP2,-0.735034506644495
681,HDGF,KLF15,0.735034506644495
682,HDGF,KLF6,0.735034506644495
683,HDGF,MLXIP,0.735034506644495
684,HDGF,TBXT,0.735034506644495
685,HDGF,ZNF202,-0.735034506644495
686,HDGF,ZNF354C,-0.735034506644495
687,HSF4,HSF4,1
688,HSF4,ARNT,-0.559908830446209
689,HSF4,FOXO1,-0.559908830446209
690,HSF4,GTF3A,0.559908830446209
691,HSF4,HIF1A,0.559908830446209
692,HSF4,LHX8,-0.559908830446209
693,HSF4,MECP2,0.559908830446209
694,HSF4,NEUROG2,-0.559908830446209
695,HSF4,PARK7,0.559908830446209
696,HSF4,SOX6,-0.559908830446209
697,HSF4,TBPL2,0.559908830446209
698,HSF4,CREB1,-0.521532779325653
699,HSF4,DBP,-0.521532779325653
700,HSF4,NCOA2,-0.521532779325653
701,HSF4,RB1,-0.521532779325653
702,HSF4,RBPJ,-0.521532779325653
703,NFIA,NFIA,1
704,NFIA,NFKB,0.691039235697347
705,NFIA,ZBTB33,-0.691039235697347
706,NFIA,ZNF384,0.691039235697347
707,NFIA,MAX,-0.514912175333885
708,NFIA,FHL2,-0.692088549056188
709,NFIA,FOXH1,-0.692088549056188
710,NFIA,HEY2,-0.692088549056188
711,NFIA,KLF3,-0.692088549056188
712,NFIA,MEIS2,0.692088549056188
713,NFIA,MXI1,-0.692088549056188
714,NFIA,NUPR1,0.692088549056188
715,NFIA,RELB,0.692088549056188
716,NFIA,SALL3,0.692088549056188
717,NFIA,SMAD2,-0.692088549056188
718,NFIA,TBX1,-0.692088549056188
719,NFKB,NFKB,1
720,NFKB,ZBTB33,-1
721,NFKB,ZNF384,1
722,ZBTB33,ZBTB33,1
723,ZBTB33,ZNF384,-1
724,ZNF384,ZNF384,1
725,NAB2,NAB2,1
726,NAB2,RARA,-0.61162573798958
727,NAB2,TFDP3,0.61162573798958
728,NAB2,ZHX2,-0.509669424469177
729,NAB2,NFKB2,-0.552427178063819
730,NAB2,CREB5,-0.76380668746534
731,NAB2,HOPX,-0.76380668746534
732,NAB2,HOXB7,-0.76380668746534
733,NAB2,NR4A1,0.76380668746534
734,NAB2,SMARCA1,-0.76380668746534
735,RARA,RARA,1
736,RARA,TFDP3,-1
737,TFDP3,TFDP3,1
738,E2F5,E2F5,1
739,E2F5,ARNT,-0.595282362921941
740,E2F5,FOXO1,-0.595282362921941
741,E2F5,GTF3A,0.595282362921941
742,E2F5,HCFC1,0.71948519906052
743,E2F5,HIF1A,0.595282362921941
744,E2F5,LHX8,-0.595282362921941
745,E2F5,MECP2,0.595282362921941
746,E2F5,NEUROG2,-0.595282362921941
747,E2F5,PARK7,0.595282362921941
748,E2F5,SOX6,-0.595282362921941
749,E2F5,STOX1,0.561353290187278
750,E2F5,TBPL2,0.595282362921941
751,EGR4,EGR4,1
752,EGR4,ETV2,0.75950025363052
753,EGR4,FOXF2,0.597877371348168
754,EGR4,JDP2,1
755,EGR4,MAFB,1
756,EGR4,MAX,-0.733783602470259
757,EGR4,NFE2,0.707271490544326
758,EGR4,RUNX1,1
759,ETV2,ETV2,1
760,ETV2,JDP2,0.75950025363052
761,ETV2,MAFB,0.75950025363052
762,ETV2,MAX,-0.577397176526361
763,ETV2,NFE2,0.516269660748045
764,ETV2,RUNX1,0.75950025363052
765,ETV2,HTATIP2,0.616870118963793
766,ETV2,KLF15,-0.616870118963793
767,ETV2,KLF6,-0.616870118963793
768,ETV2,MLXIP,-0.616870118963793
769,ETV2,TBXT,-0.616870118963793
770,ETV2,ZNF202,0.616870118963793
771,ETV2,ZNF354C,0.616870118963793
772,FOXF2,FOXF2,1
773,FOXF2,JDP2,0.597877371348168
774,FOXF2,MAFB,0.597877371348168
775,FOXF2,RUNX1,0.597877371348168
776,FOXF2,FOXC1,-0.774834909332715
777,FOXF2,MYOD1,0.774834909332715
778,FOXF2,RUNX3,0.774834909332715
779,FOXF2,ZGPAT,0.774834909332716
780,JDP2,JDP2,1
781,JDP2,MAFB,1
782,JDP2,MAX,-0.733783602470259
783,JDP2,NFE2,0.707271490544326
784,JDP2,RUNX1,1
785,MAFB,MAFB,1
786,MAFB,MAX,-0.733783602470259
787,MAFB,NFE2,0.707271490544326
788,MAFB,RUNX1,1
789,MAX,MAX,1
790,MAX,NFE2,-0.540815339934578
791,MAX,RUNX1,-0.733783602470259
792,MAX,TP53,0.513275869635652
793,MAX,FHL2,0.710644459871626
794,MAX,FOXH1,0.710644459871626
795,MAX,FOXO4,0.515941072307058
796,MAX,HEY2,0.710644459871626
797,MAX,KLF3,0.710644459871626
798,MAX,MEIS2,-0.710644459871626
799,MAX,MXI1,0.710644459871626
800,MAX,NUPR1,-0.710644459871626
801,MAX,RELB,-0.710644459871626
802,MAX,SALL3,-0.710644459871626
803,MAX,SMAD2,0.710644459871626
804,MAX,TBX1,0.710644459871626
805,NFE2,NFE2,1
806,NFE2,RUNX1,0.707271490544326
807,NFE2,CEBPZ,0.675522595827456
808,NFE2,ELF1,0.675522595827456
809,NFE2,KLF9,-0.675522595827456
810,NFE2,NEUROD1,-0.675522595827456
811,NFE2,NFE2L3,0.675522595827456
812,NFE2,OTX2,0.675522595827456
813,NFE2,SOX5,0.675522595827456
814,NFE2,ZNF91,-0.675522595827456
815,RUNX1,RUNX1,1
816,ARID3A,ARID3A,1
817,ARID3A,ARNT,-0.730241359571098
818,ARID3A,E2F3,0.999108675310386
819,ARID3A,FOXO1,-0.730241359571098
820,ARID3A,GTF3A,0.730241359571098
821,ARID3A,HCFC1,0.5377728368656
822,ARID3A,HIF1A,0.730241359571098
823,ARID3A,LHX8,-0.730241359571098
824,ARID3A,MECP2,0.730241359571098
825,ARID3A,MITF,-0.519766684859939
826,ARID3A,NEUROG2,-0.730241359571098
827,ARID3A,PARK7,0.730241359571098
828,ARID3A,SOX6,-0.730241359571098
829,ARID3A,TBPL2,0.730241359571098
830,ARID3A,TFDP1,0.999958888765859
831,ARID3A,TP53,-0.528754131873441
832,ARID3A,ZHX2,-0.525093963436297
833,ARID3A,FOXO4,0.515559562065849
834,ARID3A,E2F1,0.714292836330115
835,ARID3A,E2F2,0.714292836330115
836,ARID3A,PLAGL1,-0.714292836330115
837,ARID3A,TFDP2,0.714292836330115
838,ARNT,ARNT,1
839,ARNT,E2F3,-0.700751676641713
840,ARNT,FOXO1,1
841,ARNT,GTF3A,-1
842,ARNT,HCFC1,-0.763876167913234
843,ARNT,HIF1A,-1
844,ARNT,LHX8,1
845,ARNT,MECP2,-1
846,ARNT,MITF,0.680617820591749
847,ARNT,NEUROG2,1
848,ARNT,PARK7,-1
849,ARNT,SOX6,1
850,ARNT,STOX1,-0.615882756309932
851,ARNT,TBPL2,-1
852,ARNT,TFDP1,-0.736406203039878
853,ARNT,TP53,0.693440955206611
854,ARNT,ZHX2,0.688216393731447
855,ARNT,ZNF804A,-0.706306279659634
856,E2F3,E2F3,1
857,E2F3,FOXO1,-0.700751676641714
858,E2F3,GTF3A,0.700751676641714
859,E2F3,HCFC1,0.51435999370264
860,E2F3,HIF1A,0.700751676641713
861,E2F3,LHX8,-0.700751676641714
862,E2F3,MECP2,0.700751676641714
863,E2F3,MITF,-0.500701727739592
864,E2F3,NEUROG2,-0.700751676641713
865,E2F3,PARK7,0.700751676641714
866,E2F3,SOX6,-0.700751676641714
867,E2F3,TBPL2,0.700751676641714
868,E2F3,TFDP1,0.998684840353374
869,E2F3,TP53,-0.509294371174159
870,E2F3,ZHX2,-0.505795129714302
871,E2F3,FOXO4,0.534477193399471
872,E2F3,E2F1,0.743198125034133
873,E2F3,E2F2,0.743198125034133
874,E2F3,PLAGL1,-0.743198125034133
875,E2F3,TFDP2,0.743198125034133
876,FOXO1,FOXO1,1
877,FOXO1,GTF3A,-1
878,FOXO1,HCFC1,-0.763876167913234
879,FOXO1,HIF1A,-1
880,FOXO1,LHX8,1
881,FOXO1,MECP2,-1
882,FOXO1,MITF,0.680617820591749
883,FOXO1,NEUROG2,1
884,FOXO1,PARK7,-1
885,FOXO1,SOX6,1
886,FOXO1,STOX1,-0.615882756309932
887,FOXO1,TBPL2,-1
888,FOXO1,TFDP1,-0.736406203039878
889,FOXO1,TP53,0.693440955206611
890,FOXO1,ZHX2,0.688216393731447
891,FOXO1,ZNF804A,-0.706306279659634
892,GTF3A,GTF3A,1
893,GTF3A,HCFC1,0.763876167913234
894,GTF3A,HIF1A,1
895,GTF3A,LHX8,-1
896,GTF3A,MECP2,1
897,GTF3A,MITF,-0.680617820591749
898,GTF3A,NEUROG2,-1
899,GTF3A,PARK7,1
900,GTF3A,SOX6,-1
901,GTF3A,STOX1,0.615882756309932
902,GTF3A,TBPL2,1
903,GTF3A,TFDP1,0.736406203039878
904,GTF3A,TP53,-0.693440955206611
905,GTF3A,ZHX2,-0.688216393731447
906,GTF3A,ZNF804A,0.706306279659634
907,HCFC1,HCFC1,1
908,HCFC1,HIF1A,0.763876167913235
909,HCFC1,LHX8,-0.763876167913234
910,HCFC1,MECP2,0.763876167913234
911,HCFC1,MITF,-0.541399448905364
912,HCFC1,NEUROG2,-0.763876167913234
913,HCFC1,PARK7,0.763876167913234
914,HCFC1,SOX6,-0.763876167913234
915,HCFC1,STOX1,0.81971361327113
916,HCFC1,TBPL2,0.763876167913234
917,HCFC1,TFDP1,0.542677077708149
918,HCFC1,TP53,-0.550839047425331
919,HCFC1,ZHX2,-0.546994568675542
920,HCFC1,ZNF804A,0.518764330965977
921,HCFC1,FOXM1,0.677964578722267
922,HCFC1,NFIL3,-0.677964578722267
923,HCFC1,NKX2-1,0.677964578722267
924,HCFC1,PLAG1,-0.677964578722267
925,HIF1A,HIF1A,1
926,HIF1A,LHX8,-1
927,HIF1A,MECP2,1
928,HIF1A,MITF,-0.680617820591749
929,HIF1A,NEUROG2,-1
930,HIF1A,PARK7,1
931,HIF1A,SOX6,-1
932,HIF1A,STOX1,0.615882756309932
933,HIF1A,TBPL2,1
934,HIF1A,TFDP1,0.736406203039878
935,HIF1A,TP53,-0.693440955206611
936,HIF1A,ZHX2,-0.688216393731447
937,HIF1A,ZNF804A,0.706306279659634
938,LHX8,LHX8,1
939,LHX8,MECP2,-1
940,LHX8,MITF,0.680617820591749
941,LHX8,NEUROG2,1
942,LHX8,PARK7,-1
943,LHX8,SOX6,1
944,LHX8,STOX1,-0.615882756309932
945,LHX8,TBPL2,-1
946,LHX8,TFDP1,-0.736406203039878
947,LHX8,TP53,0.693440955206611
948,LHX8,ZHX2,0.688216393731447
949,LHX8,ZNF804A,-0.706306279659634
950,MECP2,MECP2,1
951,MECP2,MITF,-0.680617820591749
952,MECP2,NEUROG2,-1
953,MECP2,PARK7,1
954,MECP2,SOX6,-1
955,MECP2,STOX1,0.615882756309932
956,MECP2,TBPL2,1
957,MECP2,TFDP1,0.736406203039878
958,MECP2,TP53,-0.693440955206611
959,MECP2,ZHX2,-0.688216393731447
960,MECP2,ZNF804A,0.706306279659634
961,MITF,MITF,1
962,MITF,NEUROG2,0.680617820591749
963,MITF,PARK7,-0.680617820591749
964,MITF,SOX6,0.680617820591749
965,MITF,TBPL2,-0.680617820591749
966,MITF,TFDP1,-0.523741143842913
967,MITF,ZNF804A,-0.504299166564331
968,MITF,CEBPZ,0.702353761923271
969,MITF,ELF1,0.702353761923271
970,MITF,KLF9,-0.702353761923271
971,MITF,NEUROD1,-0.702353761923271
972,MITF,NFE2L3,0.702353761923271
973,MITF,OTX2,0.702353761923271
974,MITF,SOX5,0.702353761923271
975,MITF,ZNF91,-0.702353761923271
976,NEUROG2,NEUROG2,1
977,NEUROG2,PARK7,-1
978,NEUROG2,SOX6,1
979,NEUROG2,STOX1,-0.615882756309932
980,NEUROG2,TBPL2,-1
981,NEUROG2,TFDP1,-0.736406203039878
982,NEUROG2,TP53,0.693440955206611
983,NEUROG2,ZHX2,0.688216393731447
984,NEUROG2,ZNF804A,-0.706306279659634
985,PARK7,PARK7,1
986,PARK7,SOX6,-1
987,PARK7,STOX1,0.615882756309932
988,PARK7,TBPL2,1
989,PARK7,TFDP1,0.736406203039878
990,PARK7,TP53,-0.693440955206611
991,PARK7,ZHX2,-0.688216393731447
992,PARK7,ZNF804A,0.706306279659634
993,SOX6,SOX6,1
994,SOX6,STOX1,-0.615882756309932
995,SOX6,TBPL2,-1
996,SOX6,TFDP1,-0.736406203039878
997,SOX6,TP53,0.693440955206611
998,SOX6,ZHX2,0.688216393731447
999,SOX6,ZNF804A,-0.706306279659634
1000,STOX1,STOX1,1
1001,STOX1,TBPL2,0.615882756309932
1002,STOX1,FOXM1,0.567442644871136
1003,STOX1,NFIL3,-0.567442644871136
1004,STOX1,NKX2-1,0.567442644871136
1005,STOX1,PLAG1,-0.567442644871136
1006,STOX1,FOXC1,-0.573621366256494
1007,STOX1,MYOD1,0.573621366256494
1008,STOX1,RUNX3,0.573621366256494
1009,STOX1,ZGPAT,0.573621366256494
1010,TBPL2,TBPL2,1
1011,TBPL2,TFDP1,0.736406203039878
1012,TBPL2,TP53,-0.693440955206611
1013,TBPL2,ZHX2,-0.688216393731447
1014,TBPL2,ZNF804A,0.706306279659634
1015,TFDP1,TFDP1,1
1016,TFDP1,TP53,-0.532811308366631
1017,TFDP1,ZHX2,-0.529117422465531
1018,TFDP1,FOXO4,0.511375957334462
1019,TFDP1,E2F1,0.707917561558148
1020,TFDP1,E2F2,0.707917561558148
1021,TFDP1,PLAGL1,-0.707917561558148
1022,TFDP1,TFDP2,0.707917561558148
1023,TP53,TP53,1
1024,TP53,ZNF804A,-0.512966068110683
1025,TP53,FHL2,0.689682513444482
1026,TP53,FOXH1,0.689682513444482
1027,TP53,HEY2,0.689682513444482
1028,TP53,KLF3,0.689682513444482
1029,TP53,MEIS2,-0.689682513444482
1030,TP53,MXI1,0.689682513444482
1031,TP53,NUPR1,-0.689682513444482
1032,TP53,RELB,-0.689682513444482
1033,TP53,SALL3,-0.689682513444482
1034,TP53,SMAD2,0.689682513444482
1035,TP53,TBX1,0.689682513444482
1036,ZHX2,ZHX2,1
1037,ZHX2,ZNF804A,-0.509436558531144
1038,ZHX2,NFKB2,0.506894665561308
1039,ZHX2,CREB5,0.69489696654631
1040,ZHX2,HOPX,0.69489696654631
1041,ZHX2,HOXB7,0.69489696654631
1042,ZHX2,NR4A1,-0.69489696654631
1043,ZHX2,SMARCA1,0.69489696654631
1044,ZNF804A,ZNF804A,1
1045,ZNF804A,ERF,-0.737945931022731
1046,CREB1,CREB1,1
1047,CREB1,DBP,1
1048,CREB1,KMT2B,-0.766746171322403
1049,CREB1,NCOA2,1
1050,CREB1,RB1,1
1051,CREB1,RBPJ,1
1052,DBP,DBP,1
1053,DBP,KMT2B,-0.766746171322403
1054,DBP,NCOA2,1
1055,DBP,RB1,1
1056,DBP,RBPJ,1
1057,KMT2B,KMT2B,1
1058,KMT2B,NCOA2,-0.766746171322403
1059,KMT2B,RB1,-0.766746171322403
1060,KMT2B,RBPJ,-0.766746171322403
1061,KMT2B,CREB5,0.608006558832575
1062,KMT2B,HOPX,0.608006558832575
1063,KMT2B,HOXB7,0.608006558832575
1064,KMT2B,NR4A1,-0.608006558832575
1065,KMT2B,SMARCA1,0.608006558832575
1066,NCOA2,NCOA2,1
1067,NCOA2,RB1,1
1068,NCOA2,RBPJ,1
1069,RB1,RB1,1
1070,RB1,RBPJ,1
1071,RBPJ,RBPJ,1
1072,FOXM1,FOXM1,1
1073,FOXM1,NFIL3,-1
1074,FOXM1,NKX2-1,1
1075,FOXM1,PLAG1,-1
1076,NFIL3,NFIL3,1
1077,NFIL3,NKX2-1,-1
1078,NFIL3,PLAG1,1
1079,NKX2-1,NKX2-1,1
1080,NKX2-1,PLAG1,-1
1081,PLAG1,PLAG1,1
1082,NKRF,NKRF,1
1083,NKRF,TFAM,1
1084,TFAM,TFAM,1
1085,AHRR,AHRR,1
1086,AHRR,EBF1,1
1087,AHRR,HOXA10,1
1088,AHRR,NFKB2,0.747936019917389
1089,AHRR,NR3C1,-0.715865888695388
1090,AHRR,PAX5,1
1091,AHRR,PITX3,1
1092,AHRR,TBX21,1
1093,AHRR,TEAD4,-1
1094,AHRR,TGFB1I1,1
1095,AHRR,ZBTB32,-1
1096,EBF1,EBF1,1
1097,EBF1,HOXA10,1
1098,EBF1,NFKB2,0.747936019917389
1099,EBF1,NR3C1,-0.715865888695388
1100,EBF1,PAX5,1
1101,EBF1,PITX3,1
1102,EBF1,TBX21,1
1103,EBF1,TEAD4,-1
1104,EBF1,TGFB1I1,1
1105,EBF1,ZBTB32,-1
1106,HOXA10,HOXA10,1
1107,HOXA10,NFKB2,0.747936019917389
1108,HOXA10,NR3C1,-0.715865888695388
1109,HOXA10,PAX5,1
1110,HOXA10,PITX3,1
1111,HOXA10,TBX21,1
1112,HOXA10,TEAD4,-1
1113,HOXA10,TGFB1I1,1
1114,HOXA10,ZBTB32,-1
1115,NFKB2,NFKB2,1
1116,NFKB2,NR3C1,-0.556488696472954
1117,NFKB2,PAX5,0.747936019917389
1118,NFKB2,PITX3,0.747936019917389
1119,NFKB2,TBX21,0.747936019917389
1120,NFKB2,TEAD4,-0.747936019917389
1121,NFKB2,TGFB1I1,0.747936019917389
1122,NFKB2,ZBTB32,-0.747936019917389
1123,NFKB2,CREB5,0.695662104476995
1124,NFKB2,HOPX,0.695662104476995
1125,NFKB2,HOXB7,0.695662104476994
1126,NFKB2,NR4A1,-0.695662104476995
1127,NFKB2,SMARCA1,0.695662104476995
1128,NR3C1,NR3C1,1
1129,NR3C1,PAX5,-0.715865888695388
1130,NR3C1,PITX3,-0.715865888695388
1131,NR3C1,TBX21,-0.715865888695388
1132,NR3C1,TEAD4,0.715865888695388
1133,NR3C1,TGFB1I1,-0.715865888695388
1134,NR3C1,ZBTB32,0.715865888695388
1135,NR3C1,FHL2,0.666452926744639
1136,NR3C1,FOXH1,0.666452926744639
1137,NR3C1,HEY2,0.666452926744639
1138,NR3C1,KLF3,0.666452926744639
1139,NR3C1,MEIS2,-0.666452926744639
1140,NR3C1,MXI1,0.666452926744639
1141,NR3C1,NUPR1,-0.666452926744638
1142,NR3C1,RELB,-0.666452926744639
1143,NR3C1,SALL3,-0.666452926744638
1144,NR3C1,SMAD2,0.666452926744639
1145,NR3C1,TBX1,0.666452926744639
1146,PAX5,PAX5,1
1147,PAX5,PITX3,1
1148,PAX5,TBX21,1
1149,PAX5,TEAD4,-1
1150,PAX5,TGFB1I1,1
1151,PAX5,ZBTB32,-1
1152,PITX3,PITX3,1
1153,PITX3,TBX21,1
1154,PITX3,TEAD4,-1
1155,PITX3,TGFB1I1,1
1156,PITX3,ZBTB32,-1
1157,TBX21,TBX21,1
1158,TBX21,TEAD4,-1
1159,TBX21,TGFB1I1,1
1160,TBX21,ZBTB32,-1
1161,TEAD4,TEAD4,1
1162,TEAD4,TGFB1I1,-1
1163,TEAD4,ZBTB32,1
1164,TGFB1I1,TGFB1I1,1
1165,TGFB1I1,ZBTB32,-1
1166,ZBTB32,ZBTB32,1
1167,DOT1L,DOT1L,1
1168,DOT1L,HDAC1,-1
1169,DOT1L,NEUROG1,1
1170,DOT1L,SP1,1
1171,DOT1L,STAT1,1
1172,HDAC1,HDAC1,1
1173,HDAC1,NEUROG1,-1
1174,HDAC1,SP1,-1
1175,HDAC1,STAT1,-1
1176,NEUROG1,NEUROG1,1
1177,NEUROG1,SP1,1
1178,NEUROG1,STAT1,1
1179,SP1,SP1,1
1180,SP1,STAT1,1
1181,STAT1,STAT1,1
1182,ARID4A,ARID4A,1
1183,ARID4A,ELF2,1
1184,ARID4A,ETS1,1
1185,ARID4A,ETV3,-1
1186,ARID4A,EWSR1,-0.76088829784413
1187,ARID4A,HDAC3,-1
1188,ARID4A,HHEX,1
1189,ARID4A,HOXB9,-1
1190,ARID4A,ING4,1
1191,ARID4A,NANOG,0.655261927492969
1192,ARID4A,NR2E1,-1
1193,ARID4A,SIN3A,1
1194,ARID4A,SIX1,1
1195,ELF2,ELF2,1
1196,ELF2,ETS1,1
1197,ELF2,ETV3,-1
1198,ELF2,EWSR1,-0.76088829784413
1199,ELF2,HDAC3,-1
1200,ELF2,HHEX,1
1201,ELF2,HOXB9,-1
1202,ELF2,ING4,1
1203,ELF2,NANOG,0.655261927492969
1204,ELF2,NR2E1,-1
1205,ELF2,SIN3A,1
1206,ELF2,SIX1,1
1207,ETS1,ETS1,1
1208,ETS1,ETV3,-1
1209,ETS1,EWSR1,-0.76088829784413
1210,ETS1,HDAC3,-1
1211,ETS1,HHEX,1
1212,ETS1,HOXB9,-1
1213,ETS1,ING4,1
1214,ETS1,NANOG,0.655261927492969
1215,ETS1,NR2E1,-1
1216,ETS1,SIN3A,1
1217,ETS1,SIX1,1
1218,ETV3,ETV3,1
1219,ETV3,EWSR1,0.76088829784413
1220,ETV3,HDAC3,1
1221,ETV3,HHEX,-1
1222,ETV3,HOXB9,1
1223,ETV3,ING4,-1
1224,ETV3,NANOG,-0.655261927492969
1225,ETV3,NR2E1,1
1226,ETV3,SIN3A,-1
1227,ETV3,SIX1,-1
1228,EWSR1,EWSR1,1
1229,EWSR1,HDAC3,0.76088829784413
1230,EWSR1,HHEX,-0.76088829784413
1231,EWSR1,HOXB9,0.76088829784413
1232,EWSR1,ING4,-0.76088829784413
1233,EWSR1,NR2E1,0.76088829784413
1234,EWSR1,SIN3A,-0.76088829784413
1235,EWSR1,SIX1,-0.76088829784413
1236,EWSR1,FHL2,-0.681351383745806
1237,EWSR1,FOXH1,-0.681351383745806
1238,EWSR1,HEY2,-0.681351383745806
1239,EWSR1,KLF3,-0.681351383745806
1240,EWSR1,MEIS2,0.681351383745806
1241,EWSR1,MXI1,-0.681351383745806
1242,EWSR1,NUPR1,0.681351383745806
1243,EWSR1,RELB,0.681351383745806
1244,EWSR1,SALL3,0.681351383745806
1245,EWSR1,SMAD2,-0.681351383745806
1246,EWSR1,TBX1,-0.681351383745806
1247,HDAC3,HDAC3,1
1248,HDAC3,HHEX,-1
1249,HDAC3,HOXB9,1
1250,HDAC3,ING4,-1
1251,HDAC3,NANOG,-0.655261927492969
1252,HDAC3,NR2E1,1
1253,HDAC3,SIN3A,-1
1254,HDAC3,SIX1,-1
1255,HHEX,HHEX,1
1256,HHEX,HOXB9,-1
1257,HHEX,ING4,1
1258,HHEX,NANOG,0.655261927492969
1259,HHEX,NR2E1,-1
1260,HHEX,SIN3A,1
1261,HHEX,SIX1,1
1262,HOXB9,HOXB9,1
1263,HOXB9,ING4,-1
1264,HOXB9,NANOG,-0.655261927492969
1265,HOXB9,NR2E1,1
1266,HOXB9,SIN3A,-1
1267,HOXB9,SIX1,-1
1268,ING4,ING4,1
1269,ING4,NANOG,0.655261927492969
1270,ING4,NR2E1,-1
1271,ING4,SIN3A,1
1272,ING4,SIX1,1
1273,NANOG,NANOG,1
1274,NANOG,NR2E1,-0.655261927492969
1275,NANOG,SIN3A,0.655261927492969
1276,NANOG,SIX1,0.655261927492969
1277,NANOG,ERF,-0.566868886786617
1278,NANOG,FOXJ1,-0.532338799413809
1279,NANOG,HIC1,-0.532338799413809
1280,NANOG,KCNIP3,-0.532338799413809
1281,NANOG,SOX17,0.532338799413809
1282,NR2E1,NR2E1,1
1283,NR2E1,SIN3A,-1
1284,NR2E1,SIX1,-1
1285,SIN3A,SIN3A,1
1286,SIN3A,SIX1,1
1287,SIX1,SIX1,1
1288,ERF,ERF,1
1289,FOXC1,FOXC1,1
1290,FOXC1,MYOD1,-1
1291,FOXC1,RUNX3,-1
1292,FOXC1,ZGPAT,-1
1293,MYOD1,MYOD1,1
1294,MYOD1,RUNX3,1
1295,MYOD1,ZGPAT,1
1296,RUNX3,RUNX3,1
1297,RUNX3,ZGPAT,1
1298,ZGPAT,ZGPAT,1
1299,FHL2,FHL2,1
1300,FHL2,FOXH1,1
1301,FHL2,FOXO4,0.693601816888694
1302,FHL2,HEY2,1
1303,FHL2,KLF3,1
1304,FHL2,MEIS2,-1
1305,FHL2,MXI1,1
1306,FHL2,NUPR1,-1
1307,FHL2,RELB,-1
1308,FHL2,SALL3,-1
1309,FHL2,SMAD2,1
1310,FHL2,TBX1,1
1311,FOXH1,FOXH1,1
1312,FOXH1,FOXO4,0.693601816888694
1313,FOXH1,HEY2,1
1314,FOXH1,KLF3,1
1315,FOXH1,MEIS2,-1
1316,FOXH1,MXI1,1
1317,FOXH1,NUPR1,-1
1318,FOXH1,RELB,-1
1319,FOXH1,SALL3,-1
1320,FOXH1,SMAD2,1
1321,FOXH1,TBX1,1
1322,FOXO4,FOXO4,1
1323,FOXO4,HEY2,0.693601816888694
1324,FOXO4,KLF3,0.693601816888693
1325,FOXO4,MEIS2,-0.693601816888694
1326,FOXO4,MXI1,0.693601816888694
1327,FOXO4,NUPR1,-0.693601816888693
1328,FOXO4,RELB,-0.693601816888694
1329,FOXO4,SALL3,-0.693601816888694
1330,FOXO4,SMAD2,0.693601816888694
1331,FOXO4,TBX1,0.693601816888693
1332,FOXO4,E2F1,0.689520813812191
1333,FOXO4,E2F2,0.689520813812191
1334,FOXO4,PLAGL1,-0.689520813812191
1335,FOXO4,TFDP2,0.689520813812191
1336,HEY2,HEY2,1
1337,HEY2,KLF3,1
1338,HEY2,MEIS2,-1
1339,HEY2,MXI1,1
1340,HEY2,NUPR1,-1
1341,HEY2,RELB,-1
1342,HEY2,SALL3,-1
1343,HEY2,SMAD2,1
1344,HEY2,TBX1,1
1345,KLF3,KLF3,1
1346,KLF3,MEIS2,-1
1347,KLF3,MXI1,1
1348,KLF3,NUPR1,-1
1349,KLF3,RELB,-1
1350,KLF3,SALL3,-1
1351,KLF3,SMAD2,1
1352,KLF3,TBX1,1
1353,MEIS2,MEIS2,1
1354,MEIS2,MXI1,-1
1355,MEIS2,NUPR1,1
1356,MEIS2,RELB,1
1357,MEIS2,SALL3,1
1358,MEIS2,SMAD2,-1
1359,MEIS2,TBX1,-1
1360,MXI1,MXI1,1
1361,MXI1,NUPR1,-1
1362,MXI1,RELB,-1
1363,MXI1,SALL3,-1
1364,MXI1,SMAD2,1
1365,MXI1,TBX1,1
1366,NUPR1,NUPR1,1
1367,NUPR1,RELB,1
1368,NUPR1,SALL3,1
1369,NUPR1,SMAD2,-1
1370,NUPR1,TBX1,-1
1371,RELB,RELB,1
1372,RELB,SALL3,1
1373,RELB,SMAD2,-1
1374,RELB,TBX1,-1
1375,SALL3,SALL3,1
1376,SALL3,SMAD2,-1
1377,SALL3,TBX1,-1
1378,SMAD2,SMAD2,1
1379,SMAD2,TBX1,1
1380,TBX1,TBX1,1
1381,CREB5,CREB5,1
1382,CREB5,HOPX,1
1383,CREB5,HOXB7,1
1384,CREB5,NR4A1,-1
1385,CREB5,SMARCA1,1
1386,HOPX,HOPX,1
1387,HOPX,HOXB7,1
1388,HOPX,NR4A1,-1
1389,HOPX,SMARCA1,1
1390,HOXB7,HOXB7,1
1391,HOXB7,NR4A1,-1
1392,HOXB7,SMARCA1,1
1393,NR4A1,NR4A1,1
1394,NR4A1,SMARCA1,-1
1395,SMARCA1,SMARCA1,1
1396,FOXJ1,FOXJ1,1
1397,FOXJ1,HIC1,1
1398,FOXJ1,KCNIP3,1
1399,FOXJ1,SOX17,-1
1400,HIC1,HIC1,1
1401,HIC1,KCNIP3,1
1402,HIC1,SOX17,-1
1403,KCNIP3,KCNIP3,1
1404,KCNIP3,SOX17,-1
1405,SOX17,SOX17,1
1406,FGF2,FGF2,1
1407,FGF2,HTATIP2,-0.662166034027362
1408,FGF2,KLF15,0.662166034027362
1409,FGF2,KLF6,0.662166034027362
1410,FGF2,MLXIP,0.662166034027362
1411,FGF2,TBXT,0.662166034027362
1412,FGF2,ZNF202,-0.662166034027362
1413,FGF2,ZNF354C,-0.662166034027362
1414,FGF2,CEBPZ,-0.719858713728863
1415,FGF2,ELF1,-0.719858713728863
1416,FGF2,KLF9,0.719858713728863
1417,FGF2,NEUROD1,0.719858713728863
1418,FGF2,NFE2L3,-0.719858713728863
1419,FGF2,OTX2,-0.719858713728863
1420,FGF2,SOX5,-0.719858713728863
1421,FGF2,ZNF91,0.719858713728863
1422,HTATIP2,HTATIP2,1
1423,HTATIP2,KLF15,-1
1424,HTATIP2,KLF6,-1
1425,HTATIP2,MLXIP,-1
1426,HTATIP2,TBXT,-1
1427,HTATIP2,ZNF202,1
1428,HTATIP2,ZNF354C,1
1429,KLF15,KLF15,1
1430,KLF15,KLF6,1
1431,KLF15,MLXIP,1
1432,KLF15,TBXT,1
1433,KLF15,ZNF202,-1
1434,KLF15,ZNF354C,-1
1435,KLF6,KLF6,1
1436,KLF6,MLXIP,1
1437,KLF6,TBXT,1
1438,KLF6,ZNF202,-1
1439,KLF6,ZNF354C,-1
1440,MLXIP,MLXIP,1
1441,MLXIP,TBXT,1
1442,MLXIP,ZNF202,-1
1443,MLXIP,ZNF354C,-1
1444,TBXT,TBXT,1
1445,TBXT,ZNF202,-1
1446,TBXT,ZNF354C,-1
1447,ZNF202,ZNF202,1
1448,ZNF202,ZNF354C,1
1449,ZNF354C,ZNF354C,1
1450,CEBPZ,CEBPZ,1
1451,CEBPZ,ELF1,1
1452,CEBPZ,KLF9,-1
1453,CEBPZ,NEUROD1,-1
1454,CEBPZ,NFE2L3,1
1455,CEBPZ,OTX2,1
1456,CEBPZ,SOX5,1
1457,CEBPZ,ZNF91,-1
1458,ELF1,ELF1,1
1459,ELF1,KLF9,-1
1460,ELF1,NEUROD1,-1
1461,ELF1,NFE2L3,1
1462,ELF1,OTX2,1
1463,ELF1,SOX5,1
1464,ELF1,ZNF91,-1
1465,KLF9,KLF9,1
1466,KLF9,NEUROD1,1
1467,KLF9,NFE2L3,-1
1468,KLF9,OTX2,-1
1469,KLF9,SOX5,-1
1470,KLF9,ZNF91,1
1471,NEUROD1,NEUROD1,1
1472,NEUROD1,NFE2L3,-1
1473,NEUROD1,OTX2,-1
1474,NEUROD1,SOX5,-1
1475,NEUROD1,ZNF91,1
1476,NFE2L3,NFE2L3,1
1477,NFE2L3,OTX2,1
1478,NFE2L3,SOX5,1
1479,NFE2L3,ZNF91,-1
1480,OTX2,OTX2,1
1481,OTX2,SOX5,1
1482,OTX2,ZNF91,-1
1483,SOX5,SOX5,1
1484,SOX5,ZNF91,-1
1485,ZNF91,ZNF91,1
1486,E2F1,E2F1,1
1487,E2F1,E2F2,1
1488,E2F1,PLAGL1,-1
1489,E2F1,TFDP2,1
1490,E2F2,E2F2,1
1491,E2F2,PLAGL1,-1
1492,E2F2,TFDP2,1
1493,PLAGL1,PLAGL1,1
1494,PLAGL1,TFDP2,-1
1495,TFDP2,TFDP2,1
