,V1,V2,V3
1,BTG2,FEV,1
2,BTG2,MYBL2,-0.550957734530441
3,BTG2,NFE2L2,-1
4,BTG2,NR5A1,-1
5,BTG2,PLAGL2,-1
6,BTG2,SFPQ,-1
7,BTG2,SOX11,1
8,BTG2,SRF,-1
9,BTG2,TCF12,-1
10,FEV,MYBL2,-0.550957734530441
11,FEV,NFE2L2,-1
12,FEV,NR5A1,-1
13,FEV,PLAGL2,-1
14,FEV,SFPQ,-1
15,FEV,SOX11,1
16,FEV,SRF,-1
17,FEV,TCF12,-1
18,MYBL2,NFE2L2,0.550957734530441
19,MYBL2,NR5A1,0.550957734530441
20,MYBL2,PLAGL2,0.550957734530441
21,MYBL2,SFPQ,0.550957734530441
22,MYBL2,SOX11,-0.550957734530441
23,MYBL2,SRF,0.550957734530441
24,MYBL2,TCF12,0.550957734530441
25,MYBL2,AHR,0.663987148221429
26,MYBL2,ATF2,0.663987148221429
27,MYBL2,ATF3,0.502514846002041
28,MYBL2,CEBPA,0.663987148221429
29,MYBL2,CEBPD,0.663987148221429
30,MYBL2,CREB3,0.663987148221429
31,MYBL2,ELF4,-0.663987148221429
32,MYBL2,GFI1B,0.663987148221429
33,MYBL2,HLX,-0.663987148221429
34,MYBL2,HOXA1,0.663987148221429
35,MYBL2,MEF2A,-0.663987148221429
36,MYBL2,MNT,0.508622644344304
37,MYBL2,MYBL1,0.521456728375502
38,MYBL2,POU2AF1,0.512739948175553
39,MYBL2,POU2F2,0.663987148221429
40,MYBL2,POU4F1,0.663987148221429
41,MYBL2,TOX3,0.540028361036425
42,MYBL2,VDR,-0.663987148221429
43,MYBL2,CREB5,0.538895733055197
44,MYBL2,HOPX,0.538895733055197
45,MYBL2,HOXB7,0.538895733055197
46,MYBL2,NR4A1,-0.538895733055197
47,MYBL2,SMARCA1,0.538895733055197
48,NFE2L2,NR5A1,1
49,NFE2L2,PLAGL2,1
50,NFE2L2,SFPQ,1
51,NFE2L2,SOX11,-1
52,NFE2L2,SRF,1
53,NFE2L2,TCF12,1
54,NR5A1,PLAGL2,1
55,NR5A1,SFPQ,1
56,NR5A1,SOX11,-1
57,NR5A1,SRF,1
58,NR5A1,TCF12,1
59,PLAGL2,SFPQ,1
60,PLAGL2,SOX11,-1
61,PLAGL2,SRF,1
62,PLAGL2,TCF12,1
63,SFPQ,SOX11,-1
64,SFPQ,SRF,1
65,SFPQ,TCF12,1
66,SOX11,SRF,-1
67,SOX11,TCF12,-1
68,SRF,TCF12,1
69,SRSF2,ARNT,-0.540827214127196
70,SRSF2,FOXO1,-0.540827214127196
71,SRSF2,GTF3A,0.540827214127196
72,SRSF2,HIF1A,0.540827214127196
73,SRSF2,LHX8,-0.540827214127196
74,SRSF2,MECP2,0.540827214127196
75,SRSF2,NEUROG2,-0.540827214127196
76,SRSF2,PARK7,0.540827214127196
77,SRSF2,SOX6,-0.540827214127196
78,SRSF2,TBPL2,0.540827214127196
79,SRSF2,DOT1L,-0.524886901383006
80,SRSF2,HDAC1,0.524886901383006
81,SRSF2,NEUROG1,-0.524886901383006
82,SRSF2,SP1,-0.524886901383006
83,SRSF2,STAT1,-0.524886901383006
84,AHR,ATF2,1
85,AHR,ATF3,0.704210814863265
86,AHR,CEBPA,1
87,AHR,CEBPD,1
88,AHR,CREB3,1
89,AHR,ELF4,-1
90,AHR,GFI1B,1
91,AHR,HLX,-1
92,AHR,HOXA1,1
93,AHR,HOXB13,-0.644650751961341
94,AHR,IRF4,0.678518043315209
95,AHR,MAFA,0.710120786203973
96,AHR,MEF2A,-1
97,AHR,MNT,0.714150275618142
98,AHR,MYBL1,0.735112581056322
99,AHR,POU2AF1,0.720863514889739
100,AHR,POU2F2,1
101,AHR,POU4F1,1
102,AHR,SPDEF,0.646342732491934
103,AHR,TOX3,0.765652698619441
104,AHR,VDR,-1
105,ATF2,ATF3,0.704210814863265
106,ATF2,CEBPA,1
107,ATF2,CEBPD,1
108,ATF2,CREB3,1
109,ATF2,ELF4,-1
110,ATF2,GFI1B,1
111,ATF2,HLX,-1
112,ATF2,HOXA1,1
113,ATF2,HOXB13,-0.644650751961341
114,ATF2,IRF4,0.678518043315209
115,ATF2,MAFA,0.710120786203973
116,ATF2,MEF2A,-1
117,ATF2,MNT,0.714150275618142
118,ATF2,MYBL1,0.735112581056322
119,ATF2,POU2AF1,0.720863514889739
120,ATF2,POU2F2,1
121,ATF2,POU4F1,1
122,ATF2,SPDEF,0.646342732491934
123,ATF2,TOX3,0.765652698619441
124,ATF2,VDR,-1
125,ATF3,CEBPA,0.704210814863264
126,ATF3,CEBPD,0.704210814863265
127,ATF3,CREB3,0.704210814863265
128,ATF3,ELF4,-0.704210814863265
129,ATF3,GFI1B,0.704210814863265
130,ATF3,HLX,-0.704210814863265
131,ATF3,HOXA1,0.704210814863265
132,ATF3,MAFA,0.522797025153702
133,ATF3,MEF2A,-0.704210814863265
134,ATF3,POU2F2,0.704210814863265
135,ATF3,POU4F1,0.704210814863265
136,ATF3,TOX3,0.518421608993961
137,ATF3,VDR,-0.704210814863265
138,ATF3,ASCL2,0.678701687421901
139,ATF3,ATF5,0.678701687421901
140,ATF3,E2F7,0.678701687421901
141,ATF3,GATA1,-0.678701687421901
142,ATF3,NFKB,0.678701687421901
143,ATF3,ZBTB33,-0.678701687421901
144,ATF3,ZNF384,0.678701687421901
145,CEBPA,CEBPD,1
146,CEBPA,CREB3,1
147,CEBPA,ELF4,-1
148,CEBPA,GFI1B,1
149,CEBPA,HLX,-1
150,CEBPA,HOXA1,1
151,CEBPA,HOXB13,-0.644650751961341
152,CEBPA,IRF4,0.678518043315209
153,CEBPA,MAFA,0.710120786203973
154,CEBPA,MEF2A,-1
155,CEBPA,MNT,0.714150275618142
156,CEBPA,MYBL1,0.735112581056322
157,CEBPA,POU2AF1,0.720863514889739
158,CEBPA,POU2F2,1
159,CEBPA,POU4F1,1
160,CEBPA,SPDEF,0.646342732491934
161,CEBPA,TOX3,0.765652698619441
162,CEBPA,VDR,-1
163,CEBPD,CREB3,1
164,CEBPD,ELF4,-1
165,CEBPD,GFI1B,1
166,CEBPD,HLX,-1
167,CEBPD,HOXA1,1
168,CEBPD,HOXB13,-0.644650751961341
169,CEBPD,IRF4,0.678518043315209
170,CEBPD,MAFA,0.710120786203973
171,CEBPD,MEF2A,-1
172,CEBPD,MNT,0.714150275618142
173,CEBPD,MYBL1,0.735112581056322
174,CEBPD,POU2AF1,0.720863514889739
175,CEBPD,POU2F2,1
176,CEBPD,POU4F1,1
177,CEBPD,SPDEF,0.646342732491934
178,CEBPD,TOX3,0.765652698619441
179,CEBPD,VDR,-1
180,CREB3,ELF4,-1
181,CREB3,GFI1B,1
182,CREB3,HLX,-1
183,CREB3,HOXA1,1
184,CREB3,HOXB13,-0.644650751961341
185,CREB3,IRF4,0.678518043315209
186,CREB3,MAFA,0.710120786203973
187,CREB3,MEF2A,-1
188,CREB3,MNT,0.714150275618142
189,CREB3,MYBL1,0.735112581056322
190,CREB3,POU2AF1,0.720863514889739
191,CREB3,POU2F2,1
192,CREB3,POU4F1,1
193,CREB3,SPDEF,0.646342732491934
194,CREB3,TOX3,0.765652698619441
195,CREB3,VDR,-1
196,ELF4,GFI1B,-1
197,ELF4,HLX,1
198,ELF4,HOXA1,-1
199,ELF4,HOXB13,0.644650751961341
200,ELF4,IRF4,-0.678518043315209
201,ELF4,MAFA,-0.710120786203973
202,ELF4,MEF2A,1
203,ELF4,MNT,-0.714150275618142
204,ELF4,MYBL1,-0.735112581056322
205,ELF4,POU2AF1,-0.720863514889739
206,ELF4,POU2F2,-1
207,ELF4,POU4F1,-1
208,ELF4,SPDEF,-0.646342732491934
209,ELF4,TOX3,-0.765652698619441
210,ELF4,VDR,1
211,GFI1B,HLX,-1
212,GFI1B,HOXA1,1
213,GFI1B,HOXB13,-0.644650751961341
214,GFI1B,IRF4,0.678518043315209
215,GFI1B,MAFA,0.710120786203973
216,GFI1B,MEF2A,-1
217,GFI1B,MNT,0.714150275618142
218,GFI1B,MYBL1,0.735112581056322
219,GFI1B,POU2AF1,0.720863514889739
220,GFI1B,POU2F2,1
221,GFI1B,POU4F1,1
222,GFI1B,SPDEF,0.646342732491934
223,GFI1B,TOX3,0.765652698619441
224,GFI1B,VDR,-1
225,HLX,HOXA1,-1
226,HLX,HOXB13,0.644650751961341
227,HLX,IRF4,-0.678518043315209
228,HLX,MAFA,-0.710120786203973
229,HLX,MEF2A,1
230,HLX,MNT,-0.714150275618142
231,HLX,MYBL1,-0.735112581056322
232,HLX,POU2AF1,-0.720863514889739
233,HLX,POU2F2,-1
234,HLX,POU4F1,-1
235,HLX,SPDEF,-0.646342732491934
236,HLX,TOX3,-0.765652698619441
237,HLX,VDR,1
238,HOXA1,HOXB13,-0.644650751961341
239,HOXA1,IRF4,0.678518043315209
240,HOXA1,MAFA,0.710120786203973
241,HOXA1,MEF2A,-1
242,HOXA1,MNT,0.714150275618142
243,HOXA1,MYBL1,0.735112581056322
244,HOXA1,POU2AF1,0.720863514889739
245,HOXA1,POU2F2,1
246,HOXA1,POU4F1,1
247,HOXA1,SPDEF,0.646342732491934
248,HOXA1,TOX3,0.765652698619441
249,HOXA1,VDR,-1
250,HOXB13,IRF4,-0.99897969332197
251,HOXB13,MEF2A,0.644650751961341
252,HOXB13,MNT,-0.995505763697735
253,HOXB13,POU2F2,-0.644650751961341
254,HOXB13,POU4F1,-0.644650751961341
255,HOXB13,VDR,0.644650751961341
256,HOXB13,AHRR,-0.735726008596209
257,HOXB13,EBF1,-0.735726008596209
258,HOXB13,HOXA10,-0.735726008596209
259,HOXB13,NFKB2,-0.570710447885678
260,HOXB13,NR3C1,0.50518560728626
261,HOXB13,PAX5,-0.735726008596209
262,HOXB13,PITX3,-0.735726008596209
263,HOXB13,TBX21,-0.735726008596209
264,HOXB13,TEAD4,0.735726008596209
265,HOXB13,TGFB1I1,-0.735726008596209
266,HOXB13,ZBTB32,0.735726008596209
267,IRF4,MAFA,0.505339112925159
268,IRF4,MEF2A,-0.678518043315209
269,IRF4,MNT,0.998766892341972
270,IRF4,POU2F2,0.678518043315209
271,IRF4,POU4F1,0.678518043315209
272,IRF4,VDR,-0.678518043315209
273,IRF4,AHRR,0.704388309317923
274,IRF4,EBF1,0.704388309317923
275,IRF4,HOXA10,0.704388309317923
276,IRF4,NFKB2,0.548253496921622
277,IRF4,PAX5,0.704388309317923
278,IRF4,PITX3,0.704388309317923
279,IRF4,TBX21,0.704388309317923
280,IRF4,TEAD4,-0.704388309317923
281,IRF4,TGFB1I1,0.704388309317923
282,IRF4,ZBTB32,-0.704388309317923
283,MAFA,MEF2A,-0.710120786203973
284,MAFA,MNT,0.529535253951797
285,MAFA,MYBL1,0.543715427036281
286,MAFA,POU2AF1,0.534081147750548
287,MAFA,POU2F2,0.710120786203973
288,MAFA,POU4F1,0.710120786203974
289,MAFA,TOX3,0.564292365610068
290,MAFA,VDR,-0.710120786203973
291,MAFA,ZNF804A,0.521041869676144
292,MAFA,ERF,-0.734288894092121
293,MEF2A,MNT,-0.714150275618142
294,MEF2A,MYBL1,-0.735112581056322
295,MEF2A,POU2AF1,-0.720863514889739
296,MEF2A,POU2F2,-1
297,MEF2A,POU4F1,-1
298,MEF2A,SPDEF,-0.646342732491934
299,MEF2A,TOX3,-0.765652698619441
300,MEF2A,VDR,1
301,MNT,MYBL1,0.503410107128717
302,MNT,POU2F2,0.714150275618142
303,MNT,POU4F1,0.714150275618142
304,MNT,TOX3,0.526324128886913
305,MNT,VDR,-0.714150275618142
306,MNT,AHRR,0.668280473488571
307,MNT,EBF1,0.668280473488571
308,MNT,HOXA10,0.668280473488571
309,MNT,NFKB2,0.522275826767356
310,MNT,PAX5,0.668280473488571
311,MNT,PITX3,0.668280473488571
312,MNT,TBX21,0.668280473488571
313,MNT,TEAD4,-0.668280473488571
314,MNT,TGFB1I1,0.668280473488571
315,MNT,ZBTB32,-0.668280473488571
316,MYBL1,POU2AF1,0.508558195638185
317,MYBL1,POU2F2,0.735112581056322
318,MYBL1,POU4F1,0.735112581056322
319,MYBL1,TOX3,0.998931922453806
320,MYBL1,VDR,-0.735112581056322
321,MYBL1,CREBZF,-0.645342552233257
322,MYBL1,HOXD13,-0.645342552233257
323,MYBL1,NOTCH1,-0.645342552233257
324,POU2AF1,POU2F2,0.720863514889739
325,POU2AF1,POU4F1,0.72086351488974
326,POU2AF1,TOX3,0.531666335958847
327,POU2AF1,VDR,-0.720863514889739
328,POU2AF1,BATF,-0.661079762767188
329,POU2AF1,CTCFL,-0.661079762767188
330,POU2AF1,ETV6,0.661079762767188
331,POU2AF1,FOXI1,-0.661079762767188
332,POU2AF1,HOXD1,0.661079762767188
333,POU2AF1,IKZF1,0.661079762767188
334,POU2AF1,POU2F1,0.661079762767188
335,POU2AF1,PRDM1,-0.661079762767188
336,POU2AF1,PTF1A,0.661079762767188
337,POU2AF1,RREB1,-0.661079762767188
338,POU2AF1,ZBTB4,0.661079762767188
339,POU2F2,POU4F1,1
340,POU2F2,SPDEF,0.646342732491934
341,POU2F2,TOX3,0.765652698619441
342,POU2F2,VDR,-1
343,POU4F1,SPDEF,0.646342732491934
344,POU4F1,TOX3,0.765652698619441
345,POU4F1,VDR,-1
346,SPDEF,VDR,-0.646342732491934
347,SPDEF,EGR4,-0.734223812239402
348,SPDEF,ETV2,-0.537568895021671
349,SPDEF,JDP2,-0.734223812239402
350,SPDEF,MAFB,-0.734223812239402
351,SPDEF,MAX,0.559726775599277
352,SPDEF,RUNX1,-0.734223812239402
353,TOX3,VDR,-0.765652698619441
354,TOX3,CREBZF,-0.609356657803525
355,TOX3,HOXD13,-0.609356657803525
356,TOX3,NOTCH1,-0.609356657803525
357,CREBZF,HOXD13,1
358,CREBZF,MLXIPL,0.713094305401418
359,CREBZF,NOTCH1,1
360,CREBZF,SIRT1,-0.648975376188395
361,HOXD13,MLXIPL,0.713094305401418
362,HOXD13,NOTCH1,1
363,HOXD13,SIRT1,-0.648975376188395
364,MLXIPL,NOTCH1,0.713094305401418
365,MLXIPL,SIRT1,-0.996159870600679
366,MLXIPL,ARID3A,0.512928337071205
367,MLXIPL,ARNT,-0.731409273450462
368,MLXIPL,FOXO1,-0.731409273450462
369,MLXIPL,GTF3A,0.731409273450462
370,MLXIPL,HCFC1,0.538701661228839
371,MLXIPL,HIF1A,0.731409273450462
372,MLXIPL,LHX8,-0.731409273450462
373,MLXIPL,MECP2,0.731409273450462
374,MLXIPL,MITF,-0.520519944269299
375,MLXIPL,NEUROG2,-0.731409273450462
376,MLXIPL,PARK7,0.731409273450462
377,MLXIPL,SOX6,-0.731409273450462
378,MLXIPL,TBPL2,0.731409273450462
379,MLXIPL,TFDP1,0.51764347982807
380,MLXIPL,TP53,-0.529523056802086
381,MLXIPL,ZHX2,-0.525856502777942
382,NOTCH1,SIRT1,-0.648975376188395
383,SIRT1,ARID3A,-0.556546823672652
384,SIRT1,ARNT,0.788306290830375
385,SIRT1,E2F3,-0.532454857234747
386,SIRT1,FOXO1,0.788306290830375
387,SIRT1,GTF3A,-0.788306290830375
388,SIRT1,HCFC1,-0.584119261399707
389,SIRT1,HIF1A,-0.788306290830375
390,SIRT1,LHX8,0.788306290830375
391,SIRT1,MECP2,-0.788306290830375
392,SIRT1,MITF,0.557025314877418
393,SIRT1,NEUROG2,0.788306290830375
394,SIRT1,PARK7,-0.788306290830375
395,SIRT1,SOX6,0.788306290830375
396,SIRT1,TBPL2,-0.788306290830375
397,SIRT1,TFDP1,-0.561592580635457
398,SIRT1,TP53,0.566794762493559
399,SIRT1,ZHX2,0.562815821652993
400,SIRT1,ZNF804A,-0.536987375682233
401,TWIST2,ZFPM2,-1
402,BHLHE40,ENO1,-0.708540329219972
403,BHLHE40,AHRR,-0.674196918989832
404,BHLHE40,EBF1,-0.674196918989832
405,BHLHE40,HOXA10,-0.674196918989832
406,BHLHE40,NFKB2,-0.526539297855552
407,BHLHE40,PAX5,-0.674196918989832
408,BHLHE40,PITX3,-0.674196918989832
409,BHLHE40,TBX21,-0.674196918989832
410,BHLHE40,TEAD4,0.674196918989832
411,BHLHE40,TGFB1I1,-0.674196918989832
412,BHLHE40,ZBTB32,0.674196918989832
413,ARID1B,BATF,0.683081435015081
414,ARID1B,CTCFL,0.68308143501508
415,ARID1B,ETV6,-0.683081435015081
416,ARID1B,FOXI1,0.683081435015081
417,ARID1B,HOXD1,-0.68308143501508
418,ARID1B,IKZF1,-0.683081435015081
419,ARID1B,POU2F1,-0.683081435015081
420,ARID1B,PRDM1,0.683081435015081
421,ARID1B,PTF1A,-0.683081435015081
422,ARID1B,RREB1,0.68308143501508
423,ARID1B,ZBTB4,-0.68308143501508
424,ARID1B,AHRR,-0.69995239253716
425,ARID1B,EBF1,-0.69995239253716
426,ARID1B,HOXA10,-0.69995239253716
427,ARID1B,NFKB2,-0.54506770467888
428,ARID1B,PAX5,-0.69995239253716
429,ARID1B,PITX3,-0.69995239253716
430,ARID1B,TBX21,-0.69995239253716
431,ARID1B,TEAD4,0.69995239253716
432,ARID1B,TGFB1I1,-0.69995239253716
433,ARID1B,ZBTB32,0.69995239253716
434,BATF,BHLHE41,0.631566962113972
435,BATF,CTCFL,1
436,BATF,ETV6,-1
437,BATF,FOXI1,1
438,BATF,HDAC7,-0.553706303870582
439,BATF,HOXD1,-1
440,BATF,IKZF1,-1
441,BATF,KLF1,-0.666013486245153
442,BATF,MBD1,0.551830845671041
443,BATF,POU2F1,-1
444,BATF,PRDM1,1
445,BATF,PTF1A,-1
446,BATF,RREB1,1
447,BATF,ZBTB4,-1
448,BHLHE41,CTCFL,0.631566962113972
449,BHLHE41,ETV6,-0.631566962113973
450,BHLHE41,FOXI1,0.631566962113972
451,BHLHE41,HOXD1,-0.631566962113972
452,BHLHE41,IKZF1,-0.631566962113972
453,BHLHE41,POU2F1,-0.631566962113972
454,BHLHE41,PRDM1,0.631566962113972
455,BHLHE41,PTF1A,-0.631566962113972
456,BHLHE41,RREB1,0.631566962113972
457,BHLHE41,ZBTB4,-0.631566962113973
458,BHLHE41,FHL2,0.535203962485303
459,BHLHE41,FOXH1,0.535203962485303
460,BHLHE41,HEY2,0.535203962485303
461,BHLHE41,KLF3,0.535203962485303
462,BHLHE41,MEIS2,-0.535203962485303
463,BHLHE41,MXI1,0.535203962485303
464,BHLHE41,NUPR1,-0.535203962485303
465,BHLHE41,RELB,-0.535203962485303
466,BHLHE41,SALL3,-0.535203962485303
467,BHLHE41,SMAD2,0.535203962485303
468,BHLHE41,TBX1,0.535203962485303
469,CTCFL,ETV6,-1
470,CTCFL,FOXI1,1
471,CTCFL,HDAC7,-0.553706303870582
472,CTCFL,HOXD1,-1
473,CTCFL,IKZF1,-1
474,CTCFL,KLF1,-0.666013486245153
475,CTCFL,MBD1,0.551830845671041
476,CTCFL,POU2F1,-1
477,CTCFL,PRDM1,1
478,CTCFL,PTF1A,-1
479,CTCFL,RREB1,1
480,CTCFL,ZBTB4,-1
481,ETV6,FOXI1,-1
482,ETV6,HDAC7,0.553706303870582
483,ETV6,HOXD1,1
484,ETV6,IKZF1,1
485,ETV6,KLF1,0.666013486245153
486,ETV6,MBD1,-0.551830845671041
487,ETV6,POU2F1,1
488,ETV6,PRDM1,-1
489,ETV6,PTF1A,1
490,ETV6,RREB1,-1
491,ETV6,ZBTB4,1
492,FOXI1,HDAC7,-0.553706303870582
493,FOXI1,HOXD1,-1
494,FOXI1,IKZF1,-1
495,FOXI1,KLF1,-0.666013486245153
496,FOXI1,MBD1,0.551830845671041
497,FOXI1,POU2F1,-1
498,FOXI1,PRDM1,1
499,FOXI1,PTF1A,-1
500,FOXI1,RREB1,1
501,FOXI1,ZBTB4,-1
502,HDAC7,HOXD1,0.553706303870582
503,HDAC7,IKZF1,0.553706303870582
504,HDAC7,POU2F1,0.553706303870582
505,HDAC7,PRDM1,-0.553706303870582
506,HDAC7,PTF1A,0.553706303870582
507,HDAC7,RREB1,-0.553706303870582
508,HDAC7,ZBTB4,0.553706303870582
509,HDAC7,ASCL2,-0.589917176191183
510,HDAC7,ATF5,-0.589917176191183
511,HDAC7,E2F7,-0.589917176191183
512,HDAC7,GATA1,0.589917176191183
513,HDAC7,NFKB,-0.589917176191183
514,HDAC7,ZBTB33,0.589917176191183
515,HDAC7,ZNF384,-0.589917176191183
516,HDAC7,ARNT,-0.610868254498313
517,HDAC7,FOXO1,-0.610868254498313
518,HDAC7,GTF3A,0.610868254498313
519,HDAC7,HIF1A,0.610868254498313
520,HDAC7,LHX8,-0.610868254498313
521,HDAC7,MECP2,0.610868254498313
522,HDAC7,NEUROG2,-0.610868254498312
523,HDAC7,PARK7,0.610868254498313
524,HDAC7,SOX6,-0.610868254498313
525,HDAC7,TBPL2,0.610868254498313
526,HOXD1,IKZF1,1
527,HOXD1,KLF1,0.666013486245153
528,HOXD1,MBD1,-0.551830845671041
529,HOXD1,POU2F1,1
530,HOXD1,PRDM1,-1
531,HOXD1,PTF1A,1
532,HOXD1,RREB1,-1
533,HOXD1,ZBTB4,1
534,IKZF1,KLF1,0.666013486245153
535,IKZF1,MBD1,-0.551830845671041
536,IKZF1,POU2F1,1
537,IKZF1,PRDM1,-1
538,IKZF1,PTF1A,1
539,IKZF1,RREB1,-1
540,IKZF1,ZBTB4,1
541,KLF1,POU2F1,0.666013486245153
542,KLF1,PRDM1,-0.666013486245153
543,KLF1,PTF1A,0.666013486245153
544,KLF1,RREB1,-0.666013486245153
545,KLF1,ZBTB4,0.666013486245153
546,KLF1,NFIA,-0.556575948729107
547,KLF1,MAX,0.529933309078498
548,KLF1,TP53,0.554779368175506
549,KLF1,NR3C1,0.537411923826573
550,KLF1,EWSR1,-0.506437629085601
551,KLF1,FHL2,0.774191427678183
552,KLF1,FOXH1,0.774191427678183
553,KLF1,FOXO4,0.55770567529701
554,KLF1,HEY2,0.774191427678183
555,KLF1,KLF3,0.774191427678183
556,KLF1,MEIS2,-0.774191427678183
557,KLF1,MXI1,0.774191427678183
558,KLF1,NUPR1,-0.774191427678183
559,KLF1,RELB,-0.774191427678183
560,KLF1,SALL3,-0.774191427678183
561,KLF1,SMAD2,0.774191427678184
562,KLF1,TBX1,0.774191427678183
563,MBD1,POU2F1,-0.551830845671041
564,MBD1,PRDM1,0.551830845671041
565,MBD1,PTF1A,-0.551830845671041
566,MBD1,RREB1,0.551830845671041
567,MBD1,ZBTB4,-0.551830845671041
568,MBD1,EGR4,0.545165719976628
569,MBD1,FOXF2,0.792645503905147
570,MBD1,JDP2,0.545165719976628
571,MBD1,MAFB,0.545165719976628
572,MBD1,RUNX1,0.545165719976628
573,MBD1,FOXC1,-0.55797023825467
574,MBD1,MYOD1,0.55797023825467
575,MBD1,RUNX3,0.557970238254671
576,MBD1,ZGPAT,0.557970238254671
577,POU2F1,PRDM1,-1
578,POU2F1,PTF1A,1
579,POU2F1,RREB1,-1
580,POU2F1,ZBTB4,1
581,PRDM1,PTF1A,-1
582,PRDM1,RREB1,1
583,PRDM1,ZBTB4,-1
584,PTF1A,RREB1,-1
585,PTF1A,ZBTB4,1
586,RREB1,ZBTB4,-1
587,ASCL2,ATF5,1
588,ASCL2,E2F7,1
589,ASCL2,GATA1,-1
590,ASCL2,HDGF,0.645430514962076
591,ASCL2,NFIA,0.691039235697347
592,ASCL2,NFKB,1
593,ASCL2,ZBTB33,-1
594,ASCL2,ZNF384,1
595,ATF5,E2F7,1
596,ATF5,GATA1,-1
597,ATF5,HDGF,0.645430514962076
598,ATF5,NFIA,0.691039235697347
599,ATF5,NFKB,1
600,ATF5,ZBTB33,-1
601,ATF5,ZNF384,1
602,E2F7,GATA1,-1
603,E2F7,HDGF,0.645430514962076
604,E2F7,NFIA,0.691039235697347
605,E2F7,NFKB,1
606,E2F7,ZBTB33,-1
607,E2F7,ZNF384,1
608,GATA1,HDGF,-0.645430514962076
609,GATA1,NFIA,-0.691039235697347
610,GATA1,NFKB,-1
611,GATA1,ZBTB33,1
612,GATA1,ZNF384,-1
613,HDGF,HSF4,0.657078909993398
614,HDGF,NFKB,0.645430514962076
615,HDGF,ZBTB33,-0.645430514962076
616,HDGF,ZNF384,0.645430514962076
617,HDGF,HTATIP2,-0.735034506644495
618,HDGF,KLF15,0.735034506644495
619,HDGF,KLF6,0.735034506644495
620,HDGF,MLXIP,0.735034506644495
621,HDGF,TBXT,0.735034506644495
622,HDGF,ZNF202,-0.735034506644495
623,HDGF,ZNF354C,-0.735034506644495
624,HSF4,ARNT,-0.559908830446209
625,HSF4,FOXO1,-0.559908830446209
626,HSF4,GTF3A,0.559908830446209
627,HSF4,HIF1A,0.559908830446209
628,HSF4,LHX8,-0.559908830446209
629,HSF4,MECP2,0.559908830446209
630,HSF4,NEUROG2,-0.559908830446209
631,HSF4,PARK7,0.559908830446209
632,HSF4,SOX6,-0.559908830446209
633,HSF4,TBPL2,0.559908830446209
634,HSF4,CREB1,-0.521532779325653
635,HSF4,DBP,-0.521532779325653
636,HSF4,NCOA2,-0.521532779325653
637,HSF4,RB1,-0.521532779325653
638,HSF4,RBPJ,-0.521532779325653
639,NFIA,NFKB,0.691039235697347
640,NFIA,ZBTB33,-0.691039235697347
641,NFIA,ZNF384,0.691039235697347
642,NFIA,MAX,-0.514912175333885
643,NFIA,FHL2,-0.692088549056188
644,NFIA,FOXH1,-0.692088549056188
645,NFIA,HEY2,-0.692088549056188
646,NFIA,KLF3,-0.692088549056188
647,NFIA,MEIS2,0.692088549056188
648,NFIA,MXI1,-0.692088549056188
649,NFIA,NUPR1,0.692088549056188
650,NFIA,RELB,0.692088549056188
651,NFIA,SALL3,0.692088549056188
652,NFIA,SMAD2,-0.692088549056188
653,NFIA,TBX1,-0.692088549056188
654,NFKB,ZBTB33,-1
655,NFKB,ZNF384,1
656,ZBTB33,ZNF384,-1
657,NAB2,RARA,-0.61162573798958
658,NAB2,TFDP3,0.61162573798958
659,NAB2,ZHX2,-0.509669424469177
660,NAB2,NFKB2,-0.552427178063819
661,NAB2,CREB5,-0.76380668746534
662,NAB2,HOPX,-0.76380668746534
663,NAB2,HOXB7,-0.76380668746534
664,NAB2,NR4A1,0.76380668746534
665,NAB2,SMARCA1,-0.76380668746534
666,RARA,TFDP3,-1
667,E2F5,ARNT,-0.595282362921941
668,E2F5,FOXO1,-0.595282362921941
669,E2F5,GTF3A,0.595282362921941
670,E2F5,HCFC1,0.71948519906052
671,E2F5,HIF1A,0.595282362921941
672,E2F5,LHX8,-0.595282362921941
673,E2F5,MECP2,0.595282362921941
674,E2F5,NEUROG2,-0.595282362921941
675,E2F5,PARK7,0.595282362921941
676,E2F5,SOX6,-0.595282362921941
677,E2F5,STOX1,0.561353290187278
678,E2F5,TBPL2,0.595282362921941
679,EGR4,ETV2,0.75950025363052
680,EGR4,FOXF2,0.597877371348168
681,EGR4,JDP2,1
682,EGR4,MAFB,1
683,EGR4,MAX,-0.733783602470259
684,EGR4,NFE2,0.707271490544326
685,EGR4,RUNX1,1
686,ETV2,JDP2,0.75950025363052
687,ETV2,MAFB,0.75950025363052
688,ETV2,MAX,-0.577397176526361
689,ETV2,NFE2,0.516269660748045
690,ETV2,RUNX1,0.75950025363052
691,ETV2,HTATIP2,0.616870118963793
692,ETV2,KLF15,-0.616870118963793
693,ETV2,KLF6,-0.616870118963793
694,ETV2,MLXIP,-0.616870118963793
695,ETV2,TBXT,-0.616870118963793
696,ETV2,ZNF202,0.616870118963793
697,ETV2,ZNF354C,0.616870118963793
698,FOXF2,JDP2,0.597877371348168
699,FOXF2,MAFB,0.597877371348168
700,FOXF2,RUNX1,0.597877371348168
701,FOXF2,FOXC1,-0.774834909332715
702,FOXF2,MYOD1,0.774834909332715
703,FOXF2,RUNX3,0.774834909332715
704,FOXF2,ZGPAT,0.774834909332716
705,JDP2,MAFB,1
706,JDP2,MAX,-0.733783602470259
707,JDP2,NFE2,0.707271490544326
708,JDP2,RUNX1,1
709,MAFB,MAX,-0.733783602470259
710,MAFB,NFE2,0.707271490544326
711,MAFB,RUNX1,1
712,MAX,NFE2,-0.540815339934578
713,MAX,RUNX1,-0.733783602470259
714,MAX,TP53,0.513275869635652
715,MAX,FHL2,0.710644459871626
716,MAX,FOXH1,0.710644459871626
717,MAX,FOXO4,0.515941072307058
718,MAX,HEY2,0.710644459871626
719,MAX,KLF3,0.710644459871626
720,MAX,MEIS2,-0.710644459871626
721,MAX,MXI1,0.710644459871626
722,MAX,NUPR1,-0.710644459871626
723,MAX,RELB,-0.710644459871626
724,MAX,SALL3,-0.710644459871626
725,MAX,SMAD2,0.710644459871626
726,MAX,TBX1,0.710644459871626
727,NFE2,RUNX1,0.707271490544326
728,NFE2,CEBPZ,0.675522595827456
729,NFE2,ELF1,0.675522595827456
730,NFE2,KLF9,-0.675522595827456
731,NFE2,NEUROD1,-0.675522595827456
732,NFE2,NFE2L3,0.675522595827456
733,NFE2,OTX2,0.675522595827456
734,NFE2,SOX5,0.675522595827456
735,NFE2,ZNF91,-0.675522595827456
736,ARID3A,ARNT,-0.730241359571098
737,ARID3A,E2F3,0.999108675310386
738,ARID3A,FOXO1,-0.730241359571098
739,ARID3A,GTF3A,0.730241359571098
740,ARID3A,HCFC1,0.5377728368656
741,ARID3A,HIF1A,0.730241359571098
742,ARID3A,LHX8,-0.730241359571098
743,ARID3A,MECP2,0.730241359571098
744,ARID3A,MITF,-0.519766684859939
745,ARID3A,NEUROG2,-0.730241359571098
746,ARID3A,PARK7,0.730241359571098
747,ARID3A,SOX6,-0.730241359571098
748,ARID3A,TBPL2,0.730241359571098
749,ARID3A,TFDP1,0.999958888765859
750,ARID3A,TP53,-0.528754131873441
751,ARID3A,ZHX2,-0.525093963436297
752,ARID3A,FOXO4,0.515559562065849
753,ARID3A,E2F1,0.714292836330115
754,ARID3A,E2F2,0.714292836330115
755,ARID3A,PLAGL1,-0.714292836330115
756,ARID3A,TFDP2,0.714292836330115
757,ARNT,E2F3,-0.700751676641713
758,ARNT,FOXO1,1
759,ARNT,GTF3A,-1
760,ARNT,HCFC1,-0.763876167913234
761,ARNT,HIF1A,-1
762,ARNT,LHX8,1
763,ARNT,MECP2,-1
764,ARNT,MITF,0.680617820591749
765,ARNT,NEUROG2,1
766,ARNT,PARK7,-1
767,ARNT,SOX6,1
768,ARNT,STOX1,-0.615882756309932
769,ARNT,TBPL2,-1
770,ARNT,TFDP1,-0.736406203039878
771,ARNT,TP53,0.693440955206611
772,ARNT,ZHX2,0.688216393731447
773,ARNT,ZNF804A,-0.706306279659634
774,E2F3,FOXO1,-0.700751676641714
775,E2F3,GTF3A,0.700751676641714
776,E2F3,HCFC1,0.51435999370264
777,E2F3,HIF1A,0.700751676641713
778,E2F3,LHX8,-0.700751676641714
779,E2F3,MECP2,0.700751676641714
780,E2F3,MITF,-0.500701727739592
781,E2F3,NEUROG2,-0.700751676641713
782,E2F3,PARK7,0.700751676641714
783,E2F3,SOX6,-0.700751676641714
784,E2F3,TBPL2,0.700751676641714
785,E2F3,TFDP1,0.998684840353374
786,E2F3,TP53,-0.509294371174159
787,E2F3,ZHX2,-0.505795129714302
788,E2F3,FOXO4,0.534477193399471
789,E2F3,E2F1,0.743198125034133
790,E2F3,E2F2,0.743198125034133
791,E2F3,PLAGL1,-0.743198125034133
792,E2F3,TFDP2,0.743198125034133
793,FOXO1,GTF3A,-1
794,FOXO1,HCFC1,-0.763876167913234
795,FOXO1,HIF1A,-1
796,FOXO1,LHX8,1
797,FOXO1,MECP2,-1
798,FOXO1,MITF,0.680617820591749
799,FOXO1,NEUROG2,1
800,FOXO1,PARK7,-1
801,FOXO1,SOX6,1
802,FOXO1,STOX1,-0.615882756309932
803,FOXO1,TBPL2,-1
804,FOXO1,TFDP1,-0.736406203039878
805,FOXO1,TP53,0.693440955206611
806,FOXO1,ZHX2,0.688216393731447
807,FOXO1,ZNF804A,-0.706306279659634
808,GTF3A,HCFC1,0.763876167913234
809,GTF3A,HIF1A,1
810,GTF3A,LHX8,-1
811,GTF3A,MECP2,1
812,GTF3A,MITF,-0.680617820591749
813,GTF3A,NEUROG2,-1
814,GTF3A,PARK7,1
815,GTF3A,SOX6,-1
816,GTF3A,STOX1,0.615882756309932
817,GTF3A,TBPL2,1
818,GTF3A,TFDP1,0.736406203039878
819,GTF3A,TP53,-0.693440955206611
820,GTF3A,ZHX2,-0.688216393731447
821,GTF3A,ZNF804A,0.706306279659634
822,HCFC1,HIF1A,0.763876167913235
823,HCFC1,LHX8,-0.763876167913234
824,HCFC1,MECP2,0.763876167913234
825,HCFC1,MITF,-0.541399448905364
826,HCFC1,NEUROG2,-0.763876167913234
827,HCFC1,PARK7,0.763876167913234
828,HCFC1,SOX6,-0.763876167913234
829,HCFC1,STOX1,0.81971361327113
830,HCFC1,TBPL2,0.763876167913234
831,HCFC1,TFDP1,0.542677077708149
832,HCFC1,TP53,-0.550839047425331
833,HCFC1,ZHX2,-0.546994568675542
834,HCFC1,ZNF804A,0.518764330965977
835,HCFC1,FOXM1,0.677964578722267
836,HCFC1,NFIL3,-0.677964578722267
837,HCFC1,NKX2-1,0.677964578722267
838,HCFC1,PLAG1,-0.677964578722267
839,HIF1A,LHX8,-1
840,HIF1A,MECP2,1
841,HIF1A,MITF,-0.680617820591749
842,HIF1A,NEUROG2,-1
843,HIF1A,PARK7,1
844,HIF1A,SOX6,-1
845,HIF1A,STOX1,0.615882756309932
846,HIF1A,TBPL2,1
847,HIF1A,TFDP1,0.736406203039878
848,HIF1A,TP53,-0.693440955206611
849,HIF1A,ZHX2,-0.688216393731447
850,HIF1A,ZNF804A,0.706306279659634
851,LHX8,MECP2,-1
852,LHX8,MITF,0.680617820591749
853,LHX8,NEUROG2,1
854,LHX8,PARK7,-1
855,LHX8,SOX6,1
856,LHX8,STOX1,-0.615882756309932
857,LHX8,TBPL2,-1
858,LHX8,TFDP1,-0.736406203039878
859,LHX8,TP53,0.693440955206611
860,LHX8,ZHX2,0.688216393731447
861,LHX8,ZNF804A,-0.706306279659634
862,MECP2,MITF,-0.680617820591749
863,MECP2,NEUROG2,-1
864,MECP2,PARK7,1
865,MECP2,SOX6,-1
866,MECP2,STOX1,0.615882756309932
867,MECP2,TBPL2,1
868,MECP2,TFDP1,0.736406203039878
869,MECP2,TP53,-0.693440955206611
870,MECP2,ZHX2,-0.688216393731447
871,MECP2,ZNF804A,0.706306279659634
872,MITF,NEUROG2,0.680617820591749
873,MITF,PARK7,-0.680617820591749
874,MITF,SOX6,0.680617820591749
875,MITF,TBPL2,-0.680617820591749
876,MITF,TFDP1,-0.523741143842913
877,MITF,ZNF804A,-0.504299166564331
878,MITF,CEBPZ,0.702353761923271
879,MITF,ELF1,0.702353761923271
880,MITF,KLF9,-0.702353761923271
881,MITF,NEUROD1,-0.702353761923271
882,MITF,NFE2L3,0.702353761923271
883,MITF,OTX2,0.702353761923271
884,MITF,SOX5,0.702353761923271
885,MITF,ZNF91,-0.702353761923271
886,NEUROG2,PARK7,-1
887,NEUROG2,SOX6,1
888,NEUROG2,STOX1,-0.615882756309932
889,NEUROG2,TBPL2,-1
890,NEUROG2,TFDP1,-0.736406203039878
891,NEUROG2,TP53,0.693440955206611
892,NEUROG2,ZHX2,0.688216393731447
893,NEUROG2,ZNF804A,-0.706306279659634
894,PARK7,SOX6,-1
895,PARK7,STOX1,0.615882756309932
896,PARK7,TBPL2,1
897,PARK7,TFDP1,0.736406203039878
898,PARK7,TP53,-0.693440955206611
899,PARK7,ZHX2,-0.688216393731447
900,PARK7,ZNF804A,0.706306279659634
901,SOX6,STOX1,-0.615882756309932
902,SOX6,TBPL2,-1
903,SOX6,TFDP1,-0.736406203039878
904,SOX6,TP53,0.693440955206611
905,SOX6,ZHX2,0.688216393731447
906,SOX6,ZNF804A,-0.706306279659634
907,STOX1,TBPL2,0.615882756309932
908,STOX1,FOXM1,0.567442644871136
909,STOX1,NFIL3,-0.567442644871136
910,STOX1,NKX2-1,0.567442644871136
911,STOX1,PLAG1,-0.567442644871136
912,STOX1,FOXC1,-0.573621366256494
913,STOX1,MYOD1,0.573621366256494
914,STOX1,RUNX3,0.573621366256494
915,STOX1,ZGPAT,0.573621366256494
916,TBPL2,TFDP1,0.736406203039878
917,TBPL2,TP53,-0.693440955206611
918,TBPL2,ZHX2,-0.688216393731447
919,TBPL2,ZNF804A,0.706306279659634
920,TFDP1,TP53,-0.532811308366631
921,TFDP1,ZHX2,-0.529117422465531
922,TFDP1,FOXO4,0.511375957334462
923,TFDP1,E2F1,0.707917561558148
924,TFDP1,E2F2,0.707917561558148
925,TFDP1,PLAGL1,-0.707917561558148
926,TFDP1,TFDP2,0.707917561558148
927,TP53,ZNF804A,-0.512966068110683
928,TP53,FHL2,0.689682513444482
929,TP53,FOXH1,0.689682513444482
930,TP53,HEY2,0.689682513444482
931,TP53,KLF3,0.689682513444482
932,TP53,MEIS2,-0.689682513444482
933,TP53,MXI1,0.689682513444482
934,TP53,NUPR1,-0.689682513444482
935,TP53,RELB,-0.689682513444482
936,TP53,SALL3,-0.689682513444482
937,TP53,SMAD2,0.689682513444482
938,TP53,TBX1,0.689682513444482
939,ZHX2,ZNF804A,-0.509436558531144
940,ZHX2,NFKB2,0.506894665561308
941,ZHX2,CREB5,0.69489696654631
942,ZHX2,HOPX,0.69489696654631
943,ZHX2,HOXB7,0.69489696654631
944,ZHX2,NR4A1,-0.69489696654631
945,ZHX2,SMARCA1,0.69489696654631
946,ZNF804A,ERF,-0.737945931022731
947,CREB1,DBP,1
948,CREB1,KMT2B,-0.766746171322403
949,CREB1,NCOA2,1
950,CREB1,RB1,1
951,CREB1,RBPJ,1
952,DBP,KMT2B,-0.766746171322403
953,DBP,NCOA2,1
954,DBP,RB1,1
955,DBP,RBPJ,1
956,KMT2B,NCOA2,-0.766746171322403
957,KMT2B,RB1,-0.766746171322403
958,KMT2B,RBPJ,-0.766746171322403
959,KMT2B,CREB5,0.608006558832575
960,KMT2B,HOPX,0.608006558832575
961,KMT2B,HOXB7,0.608006558832575
962,KMT2B,NR4A1,-0.608006558832575
963,KMT2B,SMARCA1,0.608006558832575
964,NCOA2,RB1,1
965,NCOA2,RBPJ,1
966,RB1,RBPJ,1
967,FOXM1,NFIL3,-1
968,FOXM1,NKX2-1,1
969,FOXM1,PLAG1,-1
970,NFIL3,NKX2-1,-1
971,NFIL3,PLAG1,1
972,NKX2-1,PLAG1,-1
973,NKRF,TFAM,1
974,AHRR,EBF1,1
975,AHRR,HOXA10,1
976,AHRR,NFKB2,0.747936019917389
977,AHRR,NR3C1,-0.715865888695388
978,AHRR,PAX5,1
979,AHRR,PITX3,1
980,AHRR,TBX21,1
981,AHRR,TEAD4,-1
982,AHRR,TGFB1I1,1
983,AHRR,ZBTB32,-1
984,EBF1,HOXA10,1
985,EBF1,NFKB2,0.747936019917389
986,EBF1,NR3C1,-0.715865888695388
987,EBF1,PAX5,1
988,EBF1,PITX3,1
989,EBF1,TBX21,1
990,EBF1,TEAD4,-1
991,EBF1,TGFB1I1,1
992,EBF1,ZBTB32,-1
993,HOXA10,NFKB2,0.747936019917389
994,HOXA10,NR3C1,-0.715865888695388
995,HOXA10,PAX5,1
996,HOXA10,PITX3,1
997,HOXA10,TBX21,1
998,HOXA10,TEAD4,-1
999,HOXA10,TGFB1I1,1
1000,HOXA10,ZBTB32,-1
1001,NFKB2,NR3C1,-0.556488696472954
1002,NFKB2,PAX5,0.747936019917389
1003,NFKB2,PITX3,0.747936019917389
1004,NFKB2,TBX21,0.747936019917389
1005,NFKB2,TEAD4,-0.747936019917389
1006,NFKB2,TGFB1I1,0.747936019917389
1007,NFKB2,ZBTB32,-0.747936019917389
1008,NFKB2,CREB5,0.695662104476995
1009,NFKB2,HOPX,0.695662104476995
1010,NFKB2,HOXB7,0.695662104476994
1011,NFKB2,NR4A1,-0.695662104476995
1012,NFKB2,SMARCA1,0.695662104476995
1013,NR3C1,PAX5,-0.715865888695388
1014,NR3C1,PITX3,-0.715865888695388
1015,NR3C1,TBX21,-0.715865888695388
1016,NR3C1,TEAD4,0.715865888695388
1017,NR3C1,TGFB1I1,-0.715865888695388
1018,NR3C1,ZBTB32,0.715865888695388
1019,NR3C1,FHL2,0.666452926744639
1020,NR3C1,FOXH1,0.666452926744639
1021,NR3C1,HEY2,0.666452926744639
1022,NR3C1,KLF3,0.666452926744639
1023,NR3C1,MEIS2,-0.666452926744639
1024,NR3C1,MXI1,0.666452926744639
1025,NR3C1,NUPR1,-0.666452926744638
1026,NR3C1,RELB,-0.666452926744639
1027,NR3C1,SALL3,-0.666452926744638
1028,NR3C1,SMAD2,0.666452926744639
1029,NR3C1,TBX1,0.666452926744639
1030,PAX5,PITX3,1
1031,PAX5,TBX21,1
1032,PAX5,TEAD4,-1
1033,PAX5,TGFB1I1,1
1034,PAX5,ZBTB32,-1
1035,PITX3,TBX21,1
1036,PITX3,TEAD4,-1
1037,PITX3,TGFB1I1,1
1038,PITX3,ZBTB32,-1
1039,TBX21,TEAD4,-1
1040,TBX21,TGFB1I1,1
1041,TBX21,ZBTB32,-1
1042,TEAD4,TGFB1I1,-1
1043,TEAD4,ZBTB32,1
1044,TGFB1I1,ZBTB32,-1
1045,DOT1L,HDAC1,-1
1046,DOT1L,NEUROG1,1
1047,DOT1L,SP1,1
1048,DOT1L,STAT1,1
1049,HDAC1,NEUROG1,-1
1050,HDAC1,SP1,-1
1051,HDAC1,STAT1,-1
1052,NEUROG1,SP1,1
1053,NEUROG1,STAT1,1
1054,SP1,STAT1,1
1055,ARID4A,ELF2,1
1056,ARID4A,ETS1,1
1057,ARID4A,ETV3,-1
1058,ARID4A,EWSR1,-0.76088829784413
1059,ARID4A,HDAC3,-1
1060,ARID4A,HHEX,1
1061,ARID4A,HOXB9,-1
1062,ARID4A,ING4,1
1063,ARID4A,NANOG,0.655261927492969
1064,ARID4A,NR2E1,-1
1065,ARID4A,SIN3A,1
1066,ARID4A,SIX1,1
1067,ELF2,ETS1,1
1068,ELF2,ETV3,-1
1069,ELF2,EWSR1,-0.76088829784413
1070,ELF2,HDAC3,-1
1071,ELF2,HHEX,1
1072,ELF2,HOXB9,-1
1073,ELF2,ING4,1
1074,ELF2,NANOG,0.655261927492969
1075,ELF2,NR2E1,-1
1076,ELF2,SIN3A,1
1077,ELF2,SIX1,1
1078,ETS1,ETV3,-1
1079,ETS1,EWSR1,-0.76088829784413
1080,ETS1,HDAC3,-1
1081,ETS1,HHEX,1
1082,ETS1,HOXB9,-1
1083,ETS1,ING4,1
1084,ETS1,NANOG,0.655261927492969
1085,ETS1,NR2E1,-1
1086,ETS1,SIN3A,1
1087,ETS1,SIX1,1
1088,ETV3,EWSR1,0.76088829784413
1089,ETV3,HDAC3,1
1090,ETV3,HHEX,-1
1091,ETV3,HOXB9,1
1092,ETV3,ING4,-1
1093,ETV3,NANOG,-0.655261927492969
1094,ETV3,NR2E1,1
1095,ETV3,SIN3A,-1
1096,ETV3,SIX1,-1
1097,EWSR1,HDAC3,0.76088829784413
1098,EWSR1,HHEX,-0.76088829784413
1099,EWSR1,HOXB9,0.76088829784413
1100,EWSR1,ING4,-0.76088829784413
1101,EWSR1,NR2E1,0.76088829784413
1102,EWSR1,SIN3A,-0.76088829784413
1103,EWSR1,SIX1,-0.76088829784413
1104,EWSR1,FHL2,-0.681351383745806
1105,EWSR1,FOXH1,-0.681351383745806
1106,EWSR1,HEY2,-0.681351383745806
1107,EWSR1,KLF3,-0.681351383745806
1108,EWSR1,MEIS2,0.681351383745806
1109,EWSR1,MXI1,-0.681351383745806
1110,EWSR1,NUPR1,0.681351383745806
1111,EWSR1,RELB,0.681351383745806
1112,EWSR1,SALL3,0.681351383745806
1113,EWSR1,SMAD2,-0.681351383745806
1114,EWSR1,TBX1,-0.681351383745806
1115,HDAC3,HHEX,-1
1116,HDAC3,HOXB9,1
1117,HDAC3,ING4,-1
1118,HDAC3,NANOG,-0.655261927492969
1119,HDAC3,NR2E1,1
1120,HDAC3,SIN3A,-1
1121,HDAC3,SIX1,-1
1122,HHEX,HOXB9,-1
1123,HHEX,ING4,1
1124,HHEX,NANOG,0.655261927492969
1125,HHEX,NR2E1,-1
1126,HHEX,SIN3A,1
1127,HHEX,SIX1,1
1128,HOXB9,ING4,-1
1129,HOXB9,NANOG,-0.655261927492969
1130,HOXB9,NR2E1,1
1131,HOXB9,SIN3A,-1
1132,HOXB9,SIX1,-1
1133,ING4,NANOG,0.655261927492969
1134,ING4,NR2E1,-1
1135,ING4,SIN3A,1
1136,ING4,SIX1,1
1137,NANOG,NR2E1,-0.655261927492969
1138,NANOG,SIN3A,0.655261927492969
1139,NANOG,SIX1,0.655261927492969
1140,NANOG,ERF,-0.566868886786617
1141,NANOG,FOXJ1,-0.532338799413809
1142,NANOG,HIC1,-0.532338799413809
1143,NANOG,KCNIP3,-0.532338799413809
1144,NANOG,SOX17,0.532338799413809
1145,NR2E1,SIN3A,-1
1146,NR2E1,SIX1,-1
1147,SIN3A,SIX1,1
1148,FOXC1,MYOD1,-1
1149,FOXC1,RUNX3,-1
1150,FOXC1,ZGPAT,-1
1151,MYOD1,RUNX3,1
1152,MYOD1,ZGPAT,1
1153,RUNX3,ZGPAT,1
1154,FHL2,FOXH1,1
1155,FHL2,FOXO4,0.693601816888694
1156,FHL2,HEY2,1
1157,FHL2,KLF3,1
1158,FHL2,MEIS2,-1
1159,FHL2,MXI1,1
1160,FHL2,NUPR1,-1
1161,FHL2,RELB,-1
1162,FHL2,SALL3,-1
1163,FHL2,SMAD2,1
1164,FHL2,TBX1,1
1165,FOXH1,FOXO4,0.693601816888694
1166,FOXH1,HEY2,1
1167,FOXH1,KLF3,1
1168,FOXH1,MEIS2,-1
1169,FOXH1,MXI1,1
1170,FOXH1,NUPR1,-1
1171,FOXH1,RELB,-1
1172,FOXH1,SALL3,-1
1173,FOXH1,SMAD2,1
1174,FOXH1,TBX1,1
1175,FOXO4,HEY2,0.693601816888694
1176,FOXO4,KLF3,0.693601816888693
1177,FOXO4,MEIS2,-0.693601816888694
1178,FOXO4,MXI1,0.693601816888694
1179,FOXO4,NUPR1,-0.693601816888693
1180,FOXO4,RELB,-0.693601816888694
1181,FOXO4,SALL3,-0.693601816888694
1182,FOXO4,SMAD2,0.693601816888694
1183,FOXO4,TBX1,0.693601816888693
1184,FOXO4,E2F1,0.689520813812191
1185,FOXO4,E2F2,0.689520813812191
1186,FOXO4,PLAGL1,-0.689520813812191
1187,FOXO4,TFDP2,0.689520813812191
1188,HEY2,KLF3,1
1189,HEY2,MEIS2,-1
1190,HEY2,MXI1,1
1191,HEY2,NUPR1,-1
1192,HEY2,RELB,-1
1193,HEY2,SALL3,-1
1194,HEY2,SMAD2,1
1195,HEY2,TBX1,1
1196,KLF3,MEIS2,-1
1197,KLF3,MXI1,1
1198,KLF3,NUPR1,-1
1199,KLF3,RELB,-1
1200,KLF3,SALL3,-1
1201,KLF3,SMAD2,1
1202,KLF3,TBX1,1
1203,MEIS2,MXI1,-1
1204,MEIS2,NUPR1,1
1205,MEIS2,RELB,1
1206,MEIS2,SALL3,1
1207,MEIS2,SMAD2,-1
1208,MEIS2,TBX1,-1
1209,MXI1,NUPR1,-1
1210,MXI1,RELB,-1
1211,MXI1,SALL3,-1
1212,MXI1,SMAD2,1
1213,MXI1,TBX1,1
1214,NUPR1,RELB,1
1215,NUPR1,SALL3,1
1216,NUPR1,SMAD2,-1
1217,NUPR1,TBX1,-1
1218,RELB,SALL3,1
1219,RELB,SMAD2,-1
1220,RELB,TBX1,-1
1221,SALL3,SMAD2,-1
1222,SALL3,TBX1,-1
1223,SMAD2,TBX1,1
1224,CREB5,HOPX,1
1225,CREB5,HOXB7,1
1226,CREB5,NR4A1,-1
1227,CREB5,SMARCA1,1
1228,HOPX,HOXB7,1
1229,HOPX,NR4A1,-1
1230,HOPX,SMARCA1,1
1231,HOXB7,NR4A1,-1
1232,HOXB7,SMARCA1,1
1233,NR4A1,SMARCA1,-1
1234,FOXJ1,HIC1,1
1235,FOXJ1,KCNIP3,1
1236,FOXJ1,SOX17,-1
1237,HIC1,KCNIP3,1
1238,HIC1,SOX17,-1
1239,KCNIP3,SOX17,-1
1240,FGF2,HTATIP2,-0.662166034027362
1241,FGF2,KLF15,0.662166034027362
1242,FGF2,KLF6,0.662166034027362
1243,FGF2,MLXIP,0.662166034027362
1244,FGF2,TBXT,0.662166034027362
1245,FGF2,ZNF202,-0.662166034027362
1246,FGF2,ZNF354C,-0.662166034027362
1247,FGF2,CEBPZ,-0.719858713728863
1248,FGF2,ELF1,-0.719858713728863
1249,FGF2,KLF9,0.719858713728863
1250,FGF2,NEUROD1,0.719858713728863
1251,FGF2,NFE2L3,-0.719858713728863
1252,FGF2,OTX2,-0.719858713728863
1253,FGF2,SOX5,-0.719858713728863
1254,FGF2,ZNF91,0.719858713728863
1255,HTATIP2,KLF15,-1
1256,HTATIP2,KLF6,-1
1257,HTATIP2,MLXIP,-1
1258,HTATIP2,TBXT,-1
1259,HTATIP2,ZNF202,1
1260,HTATIP2,ZNF354C,1
1261,KLF15,KLF6,1
1262,KLF15,MLXIP,1
1263,KLF15,TBXT,1
1264,KLF15,ZNF202,-1
1265,KLF15,ZNF354C,-1
1266,KLF6,MLXIP,1
1267,KLF6,TBXT,1
1268,KLF6,ZNF202,-1
1269,KLF6,ZNF354C,-1
1270,MLXIP,TBXT,1
1271,MLXIP,ZNF202,-1
1272,MLXIP,ZNF354C,-1
1273,TBXT,ZNF202,-1
1274,TBXT,ZNF354C,-1
1275,ZNF202,ZNF354C,1
1276,CEBPZ,ELF1,1
1277,CEBPZ,KLF9,-1
1278,CEBPZ,NEUROD1,-1
1279,CEBPZ,NFE2L3,1
1280,CEBPZ,OTX2,1
1281,CEBPZ,SOX5,1
1282,CEBPZ,ZNF91,-1
1283,ELF1,KLF9,-1
1284,ELF1,NEUROD1,-1
1285,ELF1,NFE2L3,1
1286,ELF1,OTX2,1
1287,ELF1,SOX5,1
1288,ELF1,ZNF91,-1
1289,KLF9,NEUROD1,1
1290,KLF9,NFE2L3,-1
1291,KLF9,OTX2,-1
1292,KLF9,SOX5,-1
1293,KLF9,ZNF91,1
1294,NEUROD1,NFE2L3,-1
1295,NEUROD1,OTX2,-1
1296,NEUROD1,SOX5,-1
1297,NEUROD1,ZNF91,1
1298,NFE2L3,OTX2,1
1299,NFE2L3,SOX5,1
1300,NFE2L3,ZNF91,-1
1301,OTX2,SOX5,1
1302,OTX2,ZNF91,-1
1303,SOX5,ZNF91,-1
1304,E2F1,E2F2,1
1305,E2F1,PLAGL1,-1
1306,E2F1,TFDP2,1
1307,E2F2,PLAGL1,-1
1308,E2F2,TFDP2,1
1309,PLAGL1,TFDP2,-1
1310,FEV,BTG2,1
1311,MYBL2,BTG2,-0.550957734530441
1312,NFE2L2,BTG2,-1
1313,NR5A1,BTG2,-1
1314,PLAGL2,BTG2,-1
1315,SFPQ,BTG2,-1
1316,SOX11,BTG2,1
1317,SRF,BTG2,-1
1318,TCF12,BTG2,-1
1319,MYBL2,FEV,-0.550957734530441
1320,NFE2L2,FEV,-1
1321,NR5A1,FEV,-1
1322,PLAGL2,FEV,-1
1323,SFPQ,FEV,-1
1324,SOX11,FEV,1
1325,SRF,FEV,-1
1326,TCF12,FEV,-1
1327,NFE2L2,MYBL2,0.550957734530441
1328,NR5A1,MYBL2,0.550957734530441
1329,PLAGL2,MYBL2,0.550957734530441
1330,SFPQ,MYBL2,0.550957734530441
1331,SOX11,MYBL2,-0.550957734530441
1332,SRF,MYBL2,0.550957734530441
1333,TCF12,MYBL2,0.550957734530441
1334,AHR,MYBL2,0.663987148221429
1335,ATF2,MYBL2,0.663987148221429
1336,ATF3,MYBL2,0.502514846002041
1337,CEBPA,MYBL2,0.663987148221429
1338,CEBPD,MYBL2,0.663987148221429
1339,CREB3,MYBL2,0.663987148221429
1340,ELF4,MYBL2,-0.663987148221429
1341,GFI1B,MYBL2,0.663987148221429
1342,HLX,MYBL2,-0.663987148221429
1343,HOXA1,MYBL2,0.663987148221429
1344,MEF2A,MYBL2,-0.663987148221429
1345,MNT,MYBL2,0.508622644344304
1346,MYBL1,MYBL2,0.521456728375502
1347,POU2AF1,MYBL2,0.512739948175553
1348,POU2F2,MYBL2,0.663987148221429
1349,POU4F1,MYBL2,0.663987148221429
1350,TOX3,MYBL2,0.540028361036425
1351,VDR,MYBL2,-0.663987148221429
1352,CREB5,MYBL2,0.538895733055197
1353,HOPX,MYBL2,0.538895733055197
1354,HOXB7,MYBL2,0.538895733055197
1355,NR4A1,MYBL2,-0.538895733055197
1356,SMARCA1,MYBL2,0.538895733055197
1357,NR5A1,NFE2L2,1
1358,PLAGL2,NFE2L2,1
1359,SFPQ,NFE2L2,1
1360,SOX11,NFE2L2,-1
1361,SRF,NFE2L2,1
1362,TCF12,NFE2L2,1
1363,PLAGL2,NR5A1,1
1364,SFPQ,NR5A1,1
1365,SOX11,NR5A1,-1
1366,SRF,NR5A1,1
1367,TCF12,NR5A1,1
1368,SFPQ,PLAGL2,1
1369,SOX11,PLAGL2,-1
1370,SRF,PLAGL2,1
1371,TCF12,PLAGL2,1
1372,SOX11,SFPQ,-1
1373,SRF,SFPQ,1
1374,TCF12,SFPQ,1
1375,SRF,SOX11,-1
1376,TCF12,SOX11,-1
1377,TCF12,SRF,1
1378,ARNT,SRSF2,-0.540827214127196
1379,FOXO1,SRSF2,-0.540827214127196
1380,GTF3A,SRSF2,0.540827214127196
1381,HIF1A,SRSF2,0.540827214127196
1382,LHX8,SRSF2,-0.540827214127196
1383,MECP2,SRSF2,0.540827214127196
1384,NEUROG2,SRSF2,-0.540827214127196
1385,PARK7,SRSF2,0.540827214127196
1386,SOX6,SRSF2,-0.540827214127196
1387,TBPL2,SRSF2,0.540827214127196
1388,DOT1L,SRSF2,-0.524886901383006
1389,HDAC1,SRSF2,0.524886901383006
1390,NEUROG1,SRSF2,-0.524886901383006
1391,SP1,SRSF2,-0.524886901383006
1392,STAT1,SRSF2,-0.524886901383006
1393,ATF2,AHR,1
1394,ATF3,AHR,0.704210814863265
1395,CEBPA,AHR,1
1396,CEBPD,AHR,1
1397,CREB3,AHR,1
1398,ELF4,AHR,-1
1399,GFI1B,AHR,1
1400,HLX,AHR,-1
1401,HOXA1,AHR,1
1402,HOXB13,AHR,-0.644650751961341
1403,IRF4,AHR,0.678518043315209
1404,MAFA,AHR,0.710120786203973
1405,MEF2A,AHR,-1
1406,MNT,AHR,0.714150275618142
1407,MYBL1,AHR,0.735112581056322
1408,POU2AF1,AHR,0.720863514889739
1409,POU2F2,AHR,1
1410,POU4F1,AHR,1
1411,SPDEF,AHR,0.646342732491934
1412,TOX3,AHR,0.765652698619441
1413,VDR,AHR,-1
1414,ATF3,ATF2,0.704210814863265
1415,CEBPA,ATF2,1
1416,CEBPD,ATF2,1
1417,CREB3,ATF2,1
1418,ELF4,ATF2,-1
1419,GFI1B,ATF2,1
1420,HLX,ATF2,-1
1421,HOXA1,ATF2,1
1422,HOXB13,ATF2,-0.644650751961341
1423,IRF4,ATF2,0.678518043315209
1424,MAFA,ATF2,0.710120786203973
1425,MEF2A,ATF2,-1
1426,MNT,ATF2,0.714150275618142
1427,MYBL1,ATF2,0.735112581056322
1428,POU2AF1,ATF2,0.720863514889739
1429,POU2F2,ATF2,1
1430,POU4F1,ATF2,1
1431,SPDEF,ATF2,0.646342732491934
1432,TOX3,ATF2,0.765652698619441
1433,VDR,ATF2,-1
1434,CEBPA,ATF3,0.704210814863264
1435,CEBPD,ATF3,0.704210814863265
1436,CREB3,ATF3,0.704210814863265
1437,ELF4,ATF3,-0.704210814863265
1438,GFI1B,ATF3,0.704210814863265
1439,HLX,ATF3,-0.704210814863265
1440,HOXA1,ATF3,0.704210814863265
1441,MAFA,ATF3,0.522797025153702
1442,MEF2A,ATF3,-0.704210814863265
1443,POU2F2,ATF3,0.704210814863265
1444,POU4F1,ATF3,0.704210814863265
1445,TOX3,ATF3,0.518421608993961
1446,VDR,ATF3,-0.704210814863265
1447,ASCL2,ATF3,0.678701687421901
1448,ATF5,ATF3,0.678701687421901
1449,E2F7,ATF3,0.678701687421901
1450,GATA1,ATF3,-0.678701687421901
1451,NFKB,ATF3,0.678701687421901
1452,ZBTB33,ATF3,-0.678701687421901
1453,ZNF384,ATF3,0.678701687421901
1454,CEBPD,CEBPA,1
1455,CREB3,CEBPA,1
1456,ELF4,CEBPA,-1
1457,GFI1B,CEBPA,1
1458,HLX,CEBPA,-1
1459,HOXA1,CEBPA,1
1460,HOXB13,CEBPA,-0.644650751961341
1461,IRF4,CEBPA,0.678518043315209
1462,MAFA,CEBPA,0.710120786203973
1463,MEF2A,CEBPA,-1
1464,MNT,CEBPA,0.714150275618142
1465,MYBL1,CEBPA,0.735112581056322
1466,POU2AF1,CEBPA,0.720863514889739
1467,POU2F2,CEBPA,1
1468,POU4F1,CEBPA,1
1469,SPDEF,CEBPA,0.646342732491934
1470,TOX3,CEBPA,0.765652698619441
1471,VDR,CEBPA,-1
1472,CREB3,CEBPD,1
1473,ELF4,CEBPD,-1
1474,GFI1B,CEBPD,1
1475,HLX,CEBPD,-1
1476,HOXA1,CEBPD,1
1477,HOXB13,CEBPD,-0.644650751961341
1478,IRF4,CEBPD,0.678518043315209
1479,MAFA,CEBPD,0.710120786203973
1480,MEF2A,CEBPD,-1
1481,MNT,CEBPD,0.714150275618142
1482,MYBL1,CEBPD,0.735112581056322
1483,POU2AF1,CEBPD,0.720863514889739
1484,POU2F2,CEBPD,1
1485,POU4F1,CEBPD,1
1486,SPDEF,CEBPD,0.646342732491934
1487,TOX3,CEBPD,0.765652698619441
1488,VDR,CEBPD,-1
1489,ELF4,CREB3,-1
1490,GFI1B,CREB3,1
1491,HLX,CREB3,-1
1492,HOXA1,CREB3,1
1493,HOXB13,CREB3,-0.644650751961341
1494,IRF4,CREB3,0.678518043315209
1495,MAFA,CREB3,0.710120786203973
1496,MEF2A,CREB3,-1
1497,MNT,CREB3,0.714150275618142
1498,MYBL1,CREB3,0.735112581056322
1499,POU2AF1,CREB3,0.720863514889739
1500,POU2F2,CREB3,1
1501,POU4F1,CREB3,1
1502,SPDEF,CREB3,0.646342732491934
1503,TOX3,CREB3,0.765652698619441
1504,VDR,CREB3,-1
1505,GFI1B,ELF4,-1
1506,HLX,ELF4,1
1507,HOXA1,ELF4,-1
1508,HOXB13,ELF4,0.644650751961341
1509,IRF4,ELF4,-0.678518043315209
1510,MAFA,ELF4,-0.710120786203973
1511,MEF2A,ELF4,1
1512,MNT,ELF4,-0.714150275618142
1513,MYBL1,ELF4,-0.735112581056322
1514,POU2AF1,ELF4,-0.720863514889739
1515,POU2F2,ELF4,-1
1516,POU4F1,ELF4,-1
1517,SPDEF,ELF4,-0.646342732491934
1518,TOX3,ELF4,-0.765652698619441
1519,VDR,ELF4,1
1520,HLX,GFI1B,-1
1521,HOXA1,GFI1B,1
1522,HOXB13,GFI1B,-0.644650751961341
1523,IRF4,GFI1B,0.678518043315209
1524,MAFA,GFI1B,0.710120786203973
1525,MEF2A,GFI1B,-1
1526,MNT,GFI1B,0.714150275618142
1527,MYBL1,GFI1B,0.735112581056322
1528,POU2AF1,GFI1B,0.720863514889739
1529,POU2F2,GFI1B,1
1530,POU4F1,GFI1B,1
1531,SPDEF,GFI1B,0.646342732491934
1532,TOX3,GFI1B,0.765652698619441
1533,VDR,GFI1B,-1
1534,HOXA1,HLX,-1
1535,HOXB13,HLX,0.644650751961341
1536,IRF4,HLX,-0.678518043315209
1537,MAFA,HLX,-0.710120786203973
1538,MEF2A,HLX,1
1539,MNT,HLX,-0.714150275618142
1540,MYBL1,HLX,-0.735112581056322
1541,POU2AF1,HLX,-0.720863514889739
1542,POU2F2,HLX,-1
1543,POU4F1,HLX,-1
1544,SPDEF,HLX,-0.646342732491934
1545,TOX3,HLX,-0.765652698619441
1546,VDR,HLX,1
1547,HOXB13,HOXA1,-0.644650751961341
1548,IRF4,HOXA1,0.678518043315209
1549,MAFA,HOXA1,0.710120786203973
1550,MEF2A,HOXA1,-1
1551,MNT,HOXA1,0.714150275618142
1552,MYBL1,HOXA1,0.735112581056322
1553,POU2AF1,HOXA1,0.720863514889739
1554,POU2F2,HOXA1,1
1555,POU4F1,HOXA1,1
1556,SPDEF,HOXA1,0.646342732491934
1557,TOX3,HOXA1,0.765652698619441
1558,VDR,HOXA1,-1
1559,IRF4,HOXB13,-0.99897969332197
1560,MEF2A,HOXB13,0.644650751961341
1561,MNT,HOXB13,-0.995505763697735
1562,POU2F2,HOXB13,-0.644650751961341
1563,POU4F1,HOXB13,-0.644650751961341
1564,VDR,HOXB13,0.644650751961341
1565,AHRR,HOXB13,-0.735726008596209
1566,EBF1,HOXB13,-0.735726008596209
1567,HOXA10,HOXB13,-0.735726008596209
1568,NFKB2,HOXB13,-0.570710447885678
1569,NR3C1,HOXB13,0.50518560728626
1570,PAX5,HOXB13,-0.735726008596209
1571,PITX3,HOXB13,-0.735726008596209
1572,TBX21,HOXB13,-0.735726008596209
1573,TEAD4,HOXB13,0.735726008596209
1574,TGFB1I1,HOXB13,-0.735726008596209
1575,ZBTB32,HOXB13,0.735726008596209
1576,MAFA,IRF4,0.505339112925159
1577,MEF2A,IRF4,-0.678518043315209
1578,MNT,IRF4,0.998766892341972
1579,POU2F2,IRF4,0.678518043315209
1580,POU4F1,IRF4,0.678518043315209
1581,VDR,IRF4,-0.678518043315209
1582,AHRR,IRF4,0.704388309317923
1583,EBF1,IRF4,0.704388309317923
1584,HOXA10,IRF4,0.704388309317923
1585,NFKB2,IRF4,0.548253496921622
1586,PAX5,IRF4,0.704388309317923
1587,PITX3,IRF4,0.704388309317923
1588,TBX21,IRF4,0.704388309317923
1589,TEAD4,IRF4,-0.704388309317923
1590,TGFB1I1,IRF4,0.704388309317923
1591,ZBTB32,IRF4,-0.704388309317923
1592,MEF2A,MAFA,-0.710120786203973
1593,MNT,MAFA,0.529535253951797
1594,MYBL1,MAFA,0.543715427036281
1595,POU2AF1,MAFA,0.534081147750548
1596,POU2F2,MAFA,0.710120786203973
1597,POU4F1,MAFA,0.710120786203974
1598,TOX3,MAFA,0.564292365610068
1599,VDR,MAFA,-0.710120786203973
1600,ZNF804A,MAFA,0.521041869676144
1601,ERF,MAFA,-0.734288894092121
1602,MNT,MEF2A,-0.714150275618142
1603,MYBL1,MEF2A,-0.735112581056322
1604,POU2AF1,MEF2A,-0.720863514889739
1605,POU2F2,MEF2A,-1
1606,POU4F1,MEF2A,-1
1607,SPDEF,MEF2A,-0.646342732491934
1608,TOX3,MEF2A,-0.765652698619441
1609,VDR,MEF2A,1
1610,MYBL1,MNT,0.503410107128717
1611,POU2F2,MNT,0.714150275618142
1612,POU4F1,MNT,0.714150275618142
1613,TOX3,MNT,0.526324128886913
1614,VDR,MNT,-0.714150275618142
1615,AHRR,MNT,0.668280473488571
1616,EBF1,MNT,0.668280473488571
1617,HOXA10,MNT,0.668280473488571
1618,NFKB2,MNT,0.522275826767356
1619,PAX5,MNT,0.668280473488571
1620,PITX3,MNT,0.668280473488571
1621,TBX21,MNT,0.668280473488571
1622,TEAD4,MNT,-0.668280473488571
1623,TGFB1I1,MNT,0.668280473488571
1624,ZBTB32,MNT,-0.668280473488571
1625,POU2AF1,MYBL1,0.508558195638185
1626,POU2F2,MYBL1,0.735112581056322
1627,POU4F1,MYBL1,0.735112581056322
1628,TOX3,MYBL1,0.998931922453806
1629,VDR,MYBL1,-0.735112581056322
1630,CREBZF,MYBL1,-0.645342552233257
1631,HOXD13,MYBL1,-0.645342552233257
1632,NOTCH1,MYBL1,-0.645342552233257
1633,POU2F2,POU2AF1,0.720863514889739
1634,POU4F1,POU2AF1,0.72086351488974
1635,TOX3,POU2AF1,0.531666335958847
1636,VDR,POU2AF1,-0.720863514889739
1637,BATF,POU2AF1,-0.661079762767188
1638,CTCFL,POU2AF1,-0.661079762767188
1639,ETV6,POU2AF1,0.661079762767188
1640,FOXI1,POU2AF1,-0.661079762767188
1641,HOXD1,POU2AF1,0.661079762767188
1642,IKZF1,POU2AF1,0.661079762767188
1643,POU2F1,POU2AF1,0.661079762767188
1644,PRDM1,POU2AF1,-0.661079762767188
1645,PTF1A,POU2AF1,0.661079762767188
1646,RREB1,POU2AF1,-0.661079762767188
1647,ZBTB4,POU2AF1,0.661079762767188
1648,POU4F1,POU2F2,1
1649,SPDEF,POU2F2,0.646342732491934
1650,TOX3,POU2F2,0.765652698619441
1651,VDR,POU2F2,-1
1652,SPDEF,POU4F1,0.646342732491934
1653,TOX3,POU4F1,0.765652698619441
1654,VDR,POU4F1,-1
1655,VDR,SPDEF,-0.646342732491934
1656,EGR4,SPDEF,-0.734223812239402
1657,ETV2,SPDEF,-0.537568895021671
1658,JDP2,SPDEF,-0.734223812239402
1659,MAFB,SPDEF,-0.734223812239402
1660,MAX,SPDEF,0.559726775599277
1661,RUNX1,SPDEF,-0.734223812239402
1662,VDR,TOX3,-0.765652698619441
1663,CREBZF,TOX3,-0.609356657803525
1664,HOXD13,TOX3,-0.609356657803525
1665,NOTCH1,TOX3,-0.609356657803525
1666,HOXD13,CREBZF,1
1667,MLXIPL,CREBZF,0.713094305401418
1668,NOTCH1,CREBZF,1
1669,SIRT1,CREBZF,-0.648975376188395
1670,MLXIPL,HOXD13,0.713094305401418
1671,NOTCH1,HOXD13,1
1672,SIRT1,HOXD13,-0.648975376188395
1673,NOTCH1,MLXIPL,0.713094305401418
1674,SIRT1,MLXIPL,-0.996159870600679
1675,ARID3A,MLXIPL,0.512928337071205
1676,ARNT,MLXIPL,-0.731409273450462
1677,FOXO1,MLXIPL,-0.731409273450462
1678,GTF3A,MLXIPL,0.731409273450462
1679,HCFC1,MLXIPL,0.538701661228839
1680,HIF1A,MLXIPL,0.731409273450462
1681,LHX8,MLXIPL,-0.731409273450462
1682,MECP2,MLXIPL,0.731409273450462
1683,MITF,MLXIPL,-0.520519944269299
1684,NEUROG2,MLXIPL,-0.731409273450462
1685,PARK7,MLXIPL,0.731409273450462
1686,SOX6,MLXIPL,-0.731409273450462
1687,TBPL2,MLXIPL,0.731409273450462
1688,TFDP1,MLXIPL,0.51764347982807
1689,TP53,MLXIPL,-0.529523056802086
1690,ZHX2,MLXIPL,-0.525856502777942
1691,SIRT1,NOTCH1,-0.648975376188395
1692,ARID3A,SIRT1,-0.556546823672652
1693,ARNT,SIRT1,0.788306290830375
1694,E2F3,SIRT1,-0.532454857234747
1695,FOXO1,SIRT1,0.788306290830375
1696,GTF3A,SIRT1,-0.788306290830375
1697,HCFC1,SIRT1,-0.584119261399707
1698,HIF1A,SIRT1,-0.788306290830375
1699,LHX8,SIRT1,0.788306290830375
1700,MECP2,SIRT1,-0.788306290830375
1701,MITF,SIRT1,0.557025314877418
1702,NEUROG2,SIRT1,0.788306290830375
1703,PARK7,SIRT1,-0.788306290830375
1704,SOX6,SIRT1,0.788306290830375
1705,TBPL2,SIRT1,-0.788306290830375
1706,TFDP1,SIRT1,-0.561592580635457
1707,TP53,SIRT1,0.566794762493559
1708,ZHX2,SIRT1,0.562815821652993
1709,ZNF804A,SIRT1,-0.536987375682233
1710,ZFPM2,TWIST2,-1
1711,ENO1,BHLHE40,-0.708540329219972
1712,AHRR,BHLHE40,-0.674196918989832
1713,EBF1,BHLHE40,-0.674196918989832
1714,HOXA10,BHLHE40,-0.674196918989832
1715,NFKB2,BHLHE40,-0.526539297855552
1716,PAX5,BHLHE40,-0.674196918989832
1717,PITX3,BHLHE40,-0.674196918989832
1718,TBX21,BHLHE40,-0.674196918989832
1719,TEAD4,BHLHE40,0.674196918989832
1720,TGFB1I1,BHLHE40,-0.674196918989832
1721,ZBTB32,BHLHE40,0.674196918989832
1722,BATF,ARID1B,0.683081435015081
1723,CTCFL,ARID1B,0.68308143501508
1724,ETV6,ARID1B,-0.683081435015081
1725,FOXI1,ARID1B,0.683081435015081
1726,HOXD1,ARID1B,-0.68308143501508
1727,IKZF1,ARID1B,-0.683081435015081
1728,POU2F1,ARID1B,-0.683081435015081
1729,PRDM1,ARID1B,0.683081435015081
1730,PTF1A,ARID1B,-0.683081435015081
1731,RREB1,ARID1B,0.68308143501508
1732,ZBTB4,ARID1B,-0.68308143501508
1733,AHRR,ARID1B,-0.69995239253716
1734,EBF1,ARID1B,-0.69995239253716
1735,HOXA10,ARID1B,-0.69995239253716
1736,NFKB2,ARID1B,-0.54506770467888
1737,PAX5,ARID1B,-0.69995239253716
1738,PITX3,ARID1B,-0.69995239253716
1739,TBX21,ARID1B,-0.69995239253716
1740,TEAD4,ARID1B,0.69995239253716
1741,TGFB1I1,ARID1B,-0.69995239253716
1742,ZBTB32,ARID1B,0.69995239253716
1743,BHLHE41,BATF,0.631566962113972
1744,CTCFL,BATF,1
1745,ETV6,BATF,-1
1746,FOXI1,BATF,1
1747,HDAC7,BATF,-0.553706303870582
1748,HOXD1,BATF,-1
1749,IKZF1,BATF,-1
1750,KLF1,BATF,-0.666013486245153
1751,MBD1,BATF,0.551830845671041
1752,POU2F1,BATF,-1
1753,PRDM1,BATF,1
1754,PTF1A,BATF,-1
1755,RREB1,BATF,1
1756,ZBTB4,BATF,-1
1757,CTCFL,BHLHE41,0.631566962113972
1758,ETV6,BHLHE41,-0.631566962113973
1759,FOXI1,BHLHE41,0.631566962113972
1760,HOXD1,BHLHE41,-0.631566962113972
1761,IKZF1,BHLHE41,-0.631566962113972
1762,POU2F1,BHLHE41,-0.631566962113972
1763,PRDM1,BHLHE41,0.631566962113972
1764,PTF1A,BHLHE41,-0.631566962113972
1765,RREB1,BHLHE41,0.631566962113972
1766,ZBTB4,BHLHE41,-0.631566962113973
1767,FHL2,BHLHE41,0.535203962485303
1768,FOXH1,BHLHE41,0.535203962485303
1769,HEY2,BHLHE41,0.535203962485303
1770,KLF3,BHLHE41,0.535203962485303
1771,MEIS2,BHLHE41,-0.535203962485303
1772,MXI1,BHLHE41,0.535203962485303
1773,NUPR1,BHLHE41,-0.535203962485303
1774,RELB,BHLHE41,-0.535203962485303
1775,SALL3,BHLHE41,-0.535203962485303
1776,SMAD2,BHLHE41,0.535203962485303
1777,TBX1,BHLHE41,0.535203962485303
1778,ETV6,CTCFL,-1
1779,FOXI1,CTCFL,1
1780,HDAC7,CTCFL,-0.553706303870582
1781,HOXD1,CTCFL,-1
1782,IKZF1,CTCFL,-1
1783,KLF1,CTCFL,-0.666013486245153
1784,MBD1,CTCFL,0.551830845671041
1785,POU2F1,CTCFL,-1
1786,PRDM1,CTCFL,1
1787,PTF1A,CTCFL,-1
1788,RREB1,CTCFL,1
1789,ZBTB4,CTCFL,-1
1790,FOXI1,ETV6,-1
1791,HDAC7,ETV6,0.553706303870582
1792,HOXD1,ETV6,1
1793,IKZF1,ETV6,1
1794,KLF1,ETV6,0.666013486245153
1795,MBD1,ETV6,-0.551830845671041
1796,POU2F1,ETV6,1
1797,PRDM1,ETV6,-1
1798,PTF1A,ETV6,1
1799,RREB1,ETV6,-1
1800,ZBTB4,ETV6,1
1801,HDAC7,FOXI1,-0.553706303870582
1802,HOXD1,FOXI1,-1
1803,IKZF1,FOXI1,-1
1804,KLF1,FOXI1,-0.666013486245153
1805,MBD1,FOXI1,0.551830845671041
1806,POU2F1,FOXI1,-1
1807,PRDM1,FOXI1,1
1808,PTF1A,FOXI1,-1
1809,RREB1,FOXI1,1
1810,ZBTB4,FOXI1,-1
1811,HOXD1,HDAC7,0.553706303870582
1812,IKZF1,HDAC7,0.553706303870582
1813,POU2F1,HDAC7,0.553706303870582
1814,PRDM1,HDAC7,-0.553706303870582
1815,PTF1A,HDAC7,0.553706303870582
1816,RREB1,HDAC7,-0.553706303870582
1817,ZBTB4,HDAC7,0.553706303870582
1818,ASCL2,HDAC7,-0.589917176191183
1819,ATF5,HDAC7,-0.589917176191183
1820,E2F7,HDAC7,-0.589917176191183
1821,GATA1,HDAC7,0.589917176191183
1822,NFKB,HDAC7,-0.589917176191183
1823,ZBTB33,HDAC7,0.589917176191183
1824,ZNF384,HDAC7,-0.589917176191183
1825,ARNT,HDAC7,-0.610868254498313
1826,FOXO1,HDAC7,-0.610868254498313
1827,GTF3A,HDAC7,0.610868254498313
1828,HIF1A,HDAC7,0.610868254498313
1829,LHX8,HDAC7,-0.610868254498313
1830,MECP2,HDAC7,0.610868254498313
1831,NEUROG2,HDAC7,-0.610868254498312
1832,PARK7,HDAC7,0.610868254498313
1833,SOX6,HDAC7,-0.610868254498313
1834,TBPL2,HDAC7,0.610868254498313
1835,IKZF1,HOXD1,1
1836,KLF1,HOXD1,0.666013486245153
1837,MBD1,HOXD1,-0.551830845671041
1838,POU2F1,HOXD1,1
1839,PRDM1,HOXD1,-1
1840,PTF1A,HOXD1,1
1841,RREB1,HOXD1,-1
1842,ZBTB4,HOXD1,1
1843,KLF1,IKZF1,0.666013486245153
1844,MBD1,IKZF1,-0.551830845671041
1845,POU2F1,IKZF1,1
1846,PRDM1,IKZF1,-1
1847,PTF1A,IKZF1,1
1848,RREB1,IKZF1,-1
1849,ZBTB4,IKZF1,1
1850,POU2F1,KLF1,0.666013486245153
1851,PRDM1,KLF1,-0.666013486245153
1852,PTF1A,KLF1,0.666013486245153
1853,RREB1,KLF1,-0.666013486245153
1854,ZBTB4,KLF1,0.666013486245153
1855,NFIA,KLF1,-0.556575948729107
1856,MAX,KLF1,0.529933309078498
1857,TP53,KLF1,0.554779368175506
1858,NR3C1,KLF1,0.537411923826573
1859,EWSR1,KLF1,-0.506437629085601
1860,FHL2,KLF1,0.774191427678183
1861,FOXH1,KLF1,0.774191427678183
1862,FOXO4,KLF1,0.55770567529701
1863,HEY2,KLF1,0.774191427678183
1864,KLF3,KLF1,0.774191427678183
1865,MEIS2,KLF1,-0.774191427678183
1866,MXI1,KLF1,0.774191427678183
1867,NUPR1,KLF1,-0.774191427678183
1868,RELB,KLF1,-0.774191427678183
1869,SALL3,KLF1,-0.774191427678183
1870,SMAD2,KLF1,0.774191427678184
1871,TBX1,KLF1,0.774191427678183
1872,POU2F1,MBD1,-0.551830845671041
1873,PRDM1,MBD1,0.551830845671041
1874,PTF1A,MBD1,-0.551830845671041
1875,RREB1,MBD1,0.551830845671041
1876,ZBTB4,MBD1,-0.551830845671041
1877,EGR4,MBD1,0.545165719976628
1878,FOXF2,MBD1,0.792645503905147
1879,JDP2,MBD1,0.545165719976628
1880,MAFB,MBD1,0.545165719976628
1881,RUNX1,MBD1,0.545165719976628
1882,FOXC1,MBD1,-0.55797023825467
1883,MYOD1,MBD1,0.55797023825467
1884,RUNX3,MBD1,0.557970238254671
1885,ZGPAT,MBD1,0.557970238254671
1886,PRDM1,POU2F1,-1
1887,PTF1A,POU2F1,1
1888,RREB1,POU2F1,-1
1889,ZBTB4,POU2F1,1
1890,PTF1A,PRDM1,-1
1891,RREB1,PRDM1,1
1892,ZBTB4,PRDM1,-1
1893,RREB1,PTF1A,-1
1894,ZBTB4,PTF1A,1
1895,ZBTB4,RREB1,-1
1896,ATF5,ASCL2,1
1897,E2F7,ASCL2,1
1898,GATA1,ASCL2,-1
1899,HDGF,ASCL2,0.645430514962076
1900,NFIA,ASCL2,0.691039235697347
1901,NFKB,ASCL2,1
1902,ZBTB33,ASCL2,-1
1903,ZNF384,ASCL2,1
1904,E2F7,ATF5,1
1905,GATA1,ATF5,-1
1906,HDGF,ATF5,0.645430514962076
1907,NFIA,ATF5,0.691039235697347
1908,NFKB,ATF5,1
1909,ZBTB33,ATF5,-1
1910,ZNF384,ATF5,1
1911,GATA1,E2F7,-1
1912,HDGF,E2F7,0.645430514962076
1913,NFIA,E2F7,0.691039235697347
1914,NFKB,E2F7,1
1915,ZBTB33,E2F7,-1
1916,ZNF384,E2F7,1
1917,HDGF,GATA1,-0.645430514962076
1918,NFIA,GATA1,-0.691039235697347
1919,NFKB,GATA1,-1
1920,ZBTB33,GATA1,1
1921,ZNF384,GATA1,-1
1922,HSF4,HDGF,0.657078909993398
1923,NFKB,HDGF,0.645430514962076
1924,ZBTB33,HDGF,-0.645430514962076
1925,ZNF384,HDGF,0.645430514962076
1926,HTATIP2,HDGF,-0.735034506644495
1927,KLF15,HDGF,0.735034506644495
1928,KLF6,HDGF,0.735034506644495
1929,MLXIP,HDGF,0.735034506644495
1930,TBXT,HDGF,0.735034506644495
1931,ZNF202,HDGF,-0.735034506644495
1932,ZNF354C,HDGF,-0.735034506644495
1933,ARNT,HSF4,-0.559908830446209
1934,FOXO1,HSF4,-0.559908830446209
1935,GTF3A,HSF4,0.559908830446209
1936,HIF1A,HSF4,0.559908830446209
1937,LHX8,HSF4,-0.559908830446209
1938,MECP2,HSF4,0.559908830446209
1939,NEUROG2,HSF4,-0.559908830446209
1940,PARK7,HSF4,0.559908830446209
1941,SOX6,HSF4,-0.559908830446209
1942,TBPL2,HSF4,0.559908830446209
1943,CREB1,HSF4,-0.521532779325653
1944,DBP,HSF4,-0.521532779325653
1945,NCOA2,HSF4,-0.521532779325653
1946,RB1,HSF4,-0.521532779325653
1947,RBPJ,HSF4,-0.521532779325653
1948,NFKB,NFIA,0.691039235697347
1949,ZBTB33,NFIA,-0.691039235697347
1950,ZNF384,NFIA,0.691039235697347
1951,MAX,NFIA,-0.514912175333885
1952,FHL2,NFIA,-0.692088549056188
1953,FOXH1,NFIA,-0.692088549056188
1954,HEY2,NFIA,-0.692088549056188
1955,KLF3,NFIA,-0.692088549056188
1956,MEIS2,NFIA,0.692088549056188
1957,MXI1,NFIA,-0.692088549056188
1958,NUPR1,NFIA,0.692088549056188
1959,RELB,NFIA,0.692088549056188
1960,SALL3,NFIA,0.692088549056188
1961,SMAD2,NFIA,-0.692088549056188
1962,TBX1,NFIA,-0.692088549056188
1963,ZBTB33,NFKB,-1
1964,ZNF384,NFKB,1
1965,ZNF384,ZBTB33,-1
1966,RARA,NAB2,-0.61162573798958
1967,TFDP3,NAB2,0.61162573798958
1968,ZHX2,NAB2,-0.509669424469177
1969,NFKB2,NAB2,-0.552427178063819
1970,CREB5,NAB2,-0.76380668746534
1971,HOPX,NAB2,-0.76380668746534
1972,HOXB7,NAB2,-0.76380668746534
1973,NR4A1,NAB2,0.76380668746534
1974,SMARCA1,NAB2,-0.76380668746534
1975,TFDP3,RARA,-1
1976,ARNT,E2F5,-0.595282362921941
1977,FOXO1,E2F5,-0.595282362921941
1978,GTF3A,E2F5,0.595282362921941
1979,HCFC1,E2F5,0.71948519906052
1980,HIF1A,E2F5,0.595282362921941
1981,LHX8,E2F5,-0.595282362921941
1982,MECP2,E2F5,0.595282362921941
1983,NEUROG2,E2F5,-0.595282362921941
1984,PARK7,E2F5,0.595282362921941
1985,SOX6,E2F5,-0.595282362921941
1986,STOX1,E2F5,0.561353290187278
1987,TBPL2,E2F5,0.595282362921941
1988,ETV2,EGR4,0.75950025363052
1989,FOXF2,EGR4,0.597877371348168
1990,JDP2,EGR4,1
1991,MAFB,EGR4,1
1992,MAX,EGR4,-0.733783602470259
1993,NFE2,EGR4,0.707271490544326
1994,RUNX1,EGR4,1
1995,JDP2,ETV2,0.75950025363052
1996,MAFB,ETV2,0.75950025363052
1997,MAX,ETV2,-0.577397176526361
1998,NFE2,ETV2,0.516269660748045
1999,RUNX1,ETV2,0.75950025363052
2000,HTATIP2,ETV2,0.616870118963793
2001,KLF15,ETV2,-0.616870118963793
2002,KLF6,ETV2,-0.616870118963793
2003,MLXIP,ETV2,-0.616870118963793
2004,TBXT,ETV2,-0.616870118963793
2005,ZNF202,ETV2,0.616870118963793
2006,ZNF354C,ETV2,0.616870118963793
2007,JDP2,FOXF2,0.597877371348168
2008,MAFB,FOXF2,0.597877371348168
2009,RUNX1,FOXF2,0.597877371348168
2010,FOXC1,FOXF2,-0.774834909332715
2011,MYOD1,FOXF2,0.774834909332715
2012,RUNX3,FOXF2,0.774834909332715
2013,ZGPAT,FOXF2,0.774834909332716
2014,MAFB,JDP2,1
2015,MAX,JDP2,-0.733783602470259
2016,NFE2,JDP2,0.707271490544326
2017,RUNX1,JDP2,1
2018,MAX,MAFB,-0.733783602470259
2019,NFE2,MAFB,0.707271490544326
2020,RUNX1,MAFB,1
2021,NFE2,MAX,-0.540815339934578
2022,RUNX1,MAX,-0.733783602470259
2023,TP53,MAX,0.513275869635652
2024,FHL2,MAX,0.710644459871626
2025,FOXH1,MAX,0.710644459871626
2026,FOXO4,MAX,0.515941072307058
2027,HEY2,MAX,0.710644459871626
2028,KLF3,MAX,0.710644459871626
2029,MEIS2,MAX,-0.710644459871626
2030,MXI1,MAX,0.710644459871626
2031,NUPR1,MAX,-0.710644459871626
2032,RELB,MAX,-0.710644459871626
2033,SALL3,MAX,-0.710644459871626
2034,SMAD2,MAX,0.710644459871626
2035,TBX1,MAX,0.710644459871626
2036,RUNX1,NFE2,0.707271490544326
2037,CEBPZ,NFE2,0.675522595827456
2038,ELF1,NFE2,0.675522595827456
2039,KLF9,NFE2,-0.675522595827456
2040,NEUROD1,NFE2,-0.675522595827456
2041,NFE2L3,NFE2,0.675522595827456
2042,OTX2,NFE2,0.675522595827456
2043,SOX5,NFE2,0.675522595827456
2044,ZNF91,NFE2,-0.675522595827456
2045,ARNT,ARID3A,-0.730241359571098
2046,E2F3,ARID3A,0.999108675310386
2047,FOXO1,ARID3A,-0.730241359571098
2048,GTF3A,ARID3A,0.730241359571098
2049,HCFC1,ARID3A,0.5377728368656
2050,HIF1A,ARID3A,0.730241359571098
2051,LHX8,ARID3A,-0.730241359571098
2052,MECP2,ARID3A,0.730241359571098
2053,MITF,ARID3A,-0.519766684859939
2054,NEUROG2,ARID3A,-0.730241359571098
2055,PARK7,ARID3A,0.730241359571098
2056,SOX6,ARID3A,-0.730241359571098
2057,TBPL2,ARID3A,0.730241359571098
2058,TFDP1,ARID3A,0.999958888765859
2059,TP53,ARID3A,-0.528754131873441
2060,ZHX2,ARID3A,-0.525093963436297
2061,FOXO4,ARID3A,0.515559562065849
2062,E2F1,ARID3A,0.714292836330115
2063,E2F2,ARID3A,0.714292836330115
2064,PLAGL1,ARID3A,-0.714292836330115
2065,TFDP2,ARID3A,0.714292836330115
2066,E2F3,ARNT,-0.700751676641713
2067,FOXO1,ARNT,1
2068,GTF3A,ARNT,-1
2069,HCFC1,ARNT,-0.763876167913234
2070,HIF1A,ARNT,-1
2071,LHX8,ARNT,1
2072,MECP2,ARNT,-1
2073,MITF,ARNT,0.680617820591749
2074,NEUROG2,ARNT,1
2075,PARK7,ARNT,-1
2076,SOX6,ARNT,1
2077,STOX1,ARNT,-0.615882756309932
2078,TBPL2,ARNT,-1
2079,TFDP1,ARNT,-0.736406203039878
2080,TP53,ARNT,0.693440955206611
2081,ZHX2,ARNT,0.688216393731447
2082,ZNF804A,ARNT,-0.706306279659634
2083,FOXO1,E2F3,-0.700751676641714
2084,GTF3A,E2F3,0.700751676641714
2085,HCFC1,E2F3,0.51435999370264
2086,HIF1A,E2F3,0.700751676641713
2087,LHX8,E2F3,-0.700751676641714
2088,MECP2,E2F3,0.700751676641714
2089,MITF,E2F3,-0.500701727739592
2090,NEUROG2,E2F3,-0.700751676641713
2091,PARK7,E2F3,0.700751676641714
2092,SOX6,E2F3,-0.700751676641714
2093,TBPL2,E2F3,0.700751676641714
2094,TFDP1,E2F3,0.998684840353374
2095,TP53,E2F3,-0.509294371174159
2096,ZHX2,E2F3,-0.505795129714302
2097,FOXO4,E2F3,0.534477193399471
2098,E2F1,E2F3,0.743198125034133
2099,E2F2,E2F3,0.743198125034133
2100,PLAGL1,E2F3,-0.743198125034133
2101,TFDP2,E2F3,0.743198125034133
2102,GTF3A,FOXO1,-1
2103,HCFC1,FOXO1,-0.763876167913234
2104,HIF1A,FOXO1,-1
2105,LHX8,FOXO1,1
2106,MECP2,FOXO1,-1
2107,MITF,FOXO1,0.680617820591749
2108,NEUROG2,FOXO1,1
2109,PARK7,FOXO1,-1
2110,SOX6,FOXO1,1
2111,STOX1,FOXO1,-0.615882756309932
2112,TBPL2,FOXO1,-1
2113,TFDP1,FOXO1,-0.736406203039878
2114,TP53,FOXO1,0.693440955206611
2115,ZHX2,FOXO1,0.688216393731447
2116,ZNF804A,FOXO1,-0.706306279659634
2117,HCFC1,GTF3A,0.763876167913234
2118,HIF1A,GTF3A,1
2119,LHX8,GTF3A,-1
2120,MECP2,GTF3A,1
2121,MITF,GTF3A,-0.680617820591749
2122,NEUROG2,GTF3A,-1
2123,PARK7,GTF3A,1
2124,SOX6,GTF3A,-1
2125,STOX1,GTF3A,0.615882756309932
2126,TBPL2,GTF3A,1
2127,TFDP1,GTF3A,0.736406203039878
2128,TP53,GTF3A,-0.693440955206611
2129,ZHX2,GTF3A,-0.688216393731447
2130,ZNF804A,GTF3A,0.706306279659634
2131,HIF1A,HCFC1,0.763876167913235
2132,LHX8,HCFC1,-0.763876167913234
2133,MECP2,HCFC1,0.763876167913234
2134,MITF,HCFC1,-0.541399448905364
2135,NEUROG2,HCFC1,-0.763876167913234
2136,PARK7,HCFC1,0.763876167913234
2137,SOX6,HCFC1,-0.763876167913234
2138,STOX1,HCFC1,0.81971361327113
2139,TBPL2,HCFC1,0.763876167913234
2140,TFDP1,HCFC1,0.542677077708149
2141,TP53,HCFC1,-0.550839047425331
2142,ZHX2,HCFC1,-0.546994568675542
2143,ZNF804A,HCFC1,0.518764330965977
2144,FOXM1,HCFC1,0.677964578722267
2145,NFIL3,HCFC1,-0.677964578722267
2146,NKX2-1,HCFC1,0.677964578722267
2147,PLAG1,HCFC1,-0.677964578722267
2148,LHX8,HIF1A,-1
2149,MECP2,HIF1A,1
2150,MITF,HIF1A,-0.680617820591749
2151,NEUROG2,HIF1A,-1
2152,PARK7,HIF1A,1
2153,SOX6,HIF1A,-1
2154,STOX1,HIF1A,0.615882756309932
2155,TBPL2,HIF1A,1
2156,TFDP1,HIF1A,0.736406203039878
2157,TP53,HIF1A,-0.693440955206611
2158,ZHX2,HIF1A,-0.688216393731447
2159,ZNF804A,HIF1A,0.706306279659634
2160,MECP2,LHX8,-1
2161,MITF,LHX8,0.680617820591749
2162,NEUROG2,LHX8,1
2163,PARK7,LHX8,-1
2164,SOX6,LHX8,1
2165,STOX1,LHX8,-0.615882756309932
2166,TBPL2,LHX8,-1
2167,TFDP1,LHX8,-0.736406203039878
2168,TP53,LHX8,0.693440955206611
2169,ZHX2,LHX8,0.688216393731447
2170,ZNF804A,LHX8,-0.706306279659634
2171,MITF,MECP2,-0.680617820591749
2172,NEUROG2,MECP2,-1
2173,PARK7,MECP2,1
2174,SOX6,MECP2,-1
2175,STOX1,MECP2,0.615882756309932
2176,TBPL2,MECP2,1
2177,TFDP1,MECP2,0.736406203039878
2178,TP53,MECP2,-0.693440955206611
2179,ZHX2,MECP2,-0.688216393731447
2180,ZNF804A,MECP2,0.706306279659634
2181,NEUROG2,MITF,0.680617820591749
2182,PARK7,MITF,-0.680617820591749
2183,SOX6,MITF,0.680617820591749
2184,TBPL2,MITF,-0.680617820591749
2185,TFDP1,MITF,-0.523741143842913
2186,ZNF804A,MITF,-0.504299166564331
2187,CEBPZ,MITF,0.702353761923271
2188,ELF1,MITF,0.702353761923271
2189,KLF9,MITF,-0.702353761923271
2190,NEUROD1,MITF,-0.702353761923271
2191,NFE2L3,MITF,0.702353761923271
2192,OTX2,MITF,0.702353761923271
2193,SOX5,MITF,0.702353761923271
2194,ZNF91,MITF,-0.702353761923271
2195,PARK7,NEUROG2,-1
2196,SOX6,NEUROG2,1
2197,STOX1,NEUROG2,-0.615882756309932
2198,TBPL2,NEUROG2,-1
2199,TFDP1,NEUROG2,-0.736406203039878
2200,TP53,NEUROG2,0.693440955206611
2201,ZHX2,NEUROG2,0.688216393731447
2202,ZNF804A,NEUROG2,-0.706306279659634
2203,SOX6,PARK7,-1
2204,STOX1,PARK7,0.615882756309932
2205,TBPL2,PARK7,1
2206,TFDP1,PARK7,0.736406203039878
2207,TP53,PARK7,-0.693440955206611
2208,ZHX2,PARK7,-0.688216393731447
2209,ZNF804A,PARK7,0.706306279659634
2210,STOX1,SOX6,-0.615882756309932
2211,TBPL2,SOX6,-1
2212,TFDP1,SOX6,-0.736406203039878
2213,TP53,SOX6,0.693440955206611
2214,ZHX2,SOX6,0.688216393731447
2215,ZNF804A,SOX6,-0.706306279659634
2216,TBPL2,STOX1,0.615882756309932
2217,FOXM1,STOX1,0.567442644871136
2218,NFIL3,STOX1,-0.567442644871136
2219,NKX2-1,STOX1,0.567442644871136
2220,PLAG1,STOX1,-0.567442644871136
2221,FOXC1,STOX1,-0.573621366256494
2222,MYOD1,STOX1,0.573621366256494
2223,RUNX3,STOX1,0.573621366256494
2224,ZGPAT,STOX1,0.573621366256494
2225,TFDP1,TBPL2,0.736406203039878
2226,TP53,TBPL2,-0.693440955206611
2227,ZHX2,TBPL2,-0.688216393731447
2228,ZNF804A,TBPL2,0.706306279659634
2229,TP53,TFDP1,-0.532811308366631
2230,ZHX2,TFDP1,-0.529117422465531
2231,FOXO4,TFDP1,0.511375957334462
2232,E2F1,TFDP1,0.707917561558148
2233,E2F2,TFDP1,0.707917561558148
2234,PLAGL1,TFDP1,-0.707917561558148
2235,TFDP2,TFDP1,0.707917561558148
2236,ZNF804A,TP53,-0.512966068110683
2237,FHL2,TP53,0.689682513444482
2238,FOXH1,TP53,0.689682513444482
2239,HEY2,TP53,0.689682513444482
2240,KLF3,TP53,0.689682513444482
2241,MEIS2,TP53,-0.689682513444482
2242,MXI1,TP53,0.689682513444482
2243,NUPR1,TP53,-0.689682513444482
2244,RELB,TP53,-0.689682513444482
2245,SALL3,TP53,-0.689682513444482
2246,SMAD2,TP53,0.689682513444482
2247,TBX1,TP53,0.689682513444482
2248,ZNF804A,ZHX2,-0.509436558531144
2249,NFKB2,ZHX2,0.506894665561308
2250,CREB5,ZHX2,0.69489696654631
2251,HOPX,ZHX2,0.69489696654631
2252,HOXB7,ZHX2,0.69489696654631
2253,NR4A1,ZHX2,-0.69489696654631
2254,SMARCA1,ZHX2,0.69489696654631
2255,ERF,ZNF804A,-0.737945931022731
2256,DBP,CREB1,1
2257,KMT2B,CREB1,-0.766746171322403
2258,NCOA2,CREB1,1
2259,RB1,CREB1,1
2260,RBPJ,CREB1,1
2261,KMT2B,DBP,-0.766746171322403
2262,NCOA2,DBP,1
2263,RB1,DBP,1
2264,RBPJ,DBP,1
2265,NCOA2,KMT2B,-0.766746171322403
2266,RB1,KMT2B,-0.766746171322403
2267,RBPJ,KMT2B,-0.766746171322403
2268,CREB5,KMT2B,0.608006558832575
2269,HOPX,KMT2B,0.608006558832575
2270,HOXB7,KMT2B,0.608006558832575
2271,NR4A1,KMT2B,-0.608006558832575
2272,SMARCA1,KMT2B,0.608006558832575
2273,RB1,NCOA2,1
2274,RBPJ,NCOA2,1
2275,RBPJ,RB1,1
2276,NFIL3,FOXM1,-1
2277,NKX2-1,FOXM1,1
2278,PLAG1,FOXM1,-1
2279,NKX2-1,NFIL3,-1
2280,PLAG1,NFIL3,1
2281,PLAG1,NKX2-1,-1
2282,TFAM,NKRF,1
2283,EBF1,AHRR,1
2284,HOXA10,AHRR,1
2285,NFKB2,AHRR,0.747936019917389
2286,NR3C1,AHRR,-0.715865888695388
2287,PAX5,AHRR,1
2288,PITX3,AHRR,1
2289,TBX21,AHRR,1
2290,TEAD4,AHRR,-1
2291,TGFB1I1,AHRR,1
2292,ZBTB32,AHRR,-1
2293,HOXA10,EBF1,1
2294,NFKB2,EBF1,0.747936019917389
2295,NR3C1,EBF1,-0.715865888695388
2296,PAX5,EBF1,1
2297,PITX3,EBF1,1
2298,TBX21,EBF1,1
2299,TEAD4,EBF1,-1
2300,TGFB1I1,EBF1,1
2301,ZBTB32,EBF1,-1
2302,NFKB2,HOXA10,0.747936019917389
2303,NR3C1,HOXA10,-0.715865888695388
2304,PAX5,HOXA10,1
2305,PITX3,HOXA10,1
2306,TBX21,HOXA10,1
2307,TEAD4,HOXA10,-1
2308,TGFB1I1,HOXA10,1
2309,ZBTB32,HOXA10,-1
2310,NR3C1,NFKB2,-0.556488696472954
2311,PAX5,NFKB2,0.747936019917389
2312,PITX3,NFKB2,0.747936019917389
2313,TBX21,NFKB2,0.747936019917389
2314,TEAD4,NFKB2,-0.747936019917389
2315,TGFB1I1,NFKB2,0.747936019917389
2316,ZBTB32,NFKB2,-0.747936019917389
2317,CREB5,NFKB2,0.695662104476995
2318,HOPX,NFKB2,0.695662104476995
2319,HOXB7,NFKB2,0.695662104476994
2320,NR4A1,NFKB2,-0.695662104476995
2321,SMARCA1,NFKB2,0.695662104476995
2322,PAX5,NR3C1,-0.715865888695388
2323,PITX3,NR3C1,-0.715865888695388
2324,TBX21,NR3C1,-0.715865888695388
2325,TEAD4,NR3C1,0.715865888695388
2326,TGFB1I1,NR3C1,-0.715865888695388
2327,ZBTB32,NR3C1,0.715865888695388
2328,FHL2,NR3C1,0.666452926744639
2329,FOXH1,NR3C1,0.666452926744639
2330,HEY2,NR3C1,0.666452926744639
2331,KLF3,NR3C1,0.666452926744639
2332,MEIS2,NR3C1,-0.666452926744639
2333,MXI1,NR3C1,0.666452926744639
2334,NUPR1,NR3C1,-0.666452926744638
2335,RELB,NR3C1,-0.666452926744639
2336,SALL3,NR3C1,-0.666452926744638
2337,SMAD2,NR3C1,0.666452926744639
2338,TBX1,NR3C1,0.666452926744639
2339,PITX3,PAX5,1
2340,TBX21,PAX5,1
2341,TEAD4,PAX5,-1
2342,TGFB1I1,PAX5,1
2343,ZBTB32,PAX5,-1
2344,TBX21,PITX3,1
2345,TEAD4,PITX3,-1
2346,TGFB1I1,PITX3,1
2347,ZBTB32,PITX3,-1
2348,TEAD4,TBX21,-1
2349,TGFB1I1,TBX21,1
2350,ZBTB32,TBX21,-1
2351,TGFB1I1,TEAD4,-1
2352,ZBTB32,TEAD4,1
2353,ZBTB32,TGFB1I1,-1
2354,HDAC1,DOT1L,-1
2355,NEUROG1,DOT1L,1
2356,SP1,DOT1L,1
2357,STAT1,DOT1L,1
2358,NEUROG1,HDAC1,-1
2359,SP1,HDAC1,-1
2360,STAT1,HDAC1,-1
2361,SP1,NEUROG1,1
2362,STAT1,NEUROG1,1
2363,STAT1,SP1,1
2364,ELF2,ARID4A,1
2365,ETS1,ARID4A,1
2366,ETV3,ARID4A,-1
2367,EWSR1,ARID4A,-0.76088829784413
2368,HDAC3,ARID4A,-1
2369,HHEX,ARID4A,1
2370,HOXB9,ARID4A,-1
2371,ING4,ARID4A,1
2372,NANOG,ARID4A,0.655261927492969
2373,NR2E1,ARID4A,-1
2374,SIN3A,ARID4A,1
2375,SIX1,ARID4A,1
2376,ETS1,ELF2,1
2377,ETV3,ELF2,-1
2378,EWSR1,ELF2,-0.76088829784413
2379,HDAC3,ELF2,-1
2380,HHEX,ELF2,1
2381,HOXB9,ELF2,-1
2382,ING4,ELF2,1
2383,NANOG,ELF2,0.655261927492969
2384,NR2E1,ELF2,-1
2385,SIN3A,ELF2,1
2386,SIX1,ELF2,1
2387,ETV3,ETS1,-1
2388,EWSR1,ETS1,-0.76088829784413
2389,HDAC3,ETS1,-1
2390,HHEX,ETS1,1
2391,HOXB9,ETS1,-1
2392,ING4,ETS1,1
2393,NANOG,ETS1,0.655261927492969
2394,NR2E1,ETS1,-1
2395,SIN3A,ETS1,1
2396,SIX1,ETS1,1
2397,EWSR1,ETV3,0.76088829784413
2398,HDAC3,ETV3,1
2399,HHEX,ETV3,-1
2400,HOXB9,ETV3,1
2401,ING4,ETV3,-1
2402,NANOG,ETV3,-0.655261927492969
2403,NR2E1,ETV3,1
2404,SIN3A,ETV3,-1
2405,SIX1,ETV3,-1
2406,HDAC3,EWSR1,0.76088829784413
2407,HHEX,EWSR1,-0.76088829784413
2408,HOXB9,EWSR1,0.76088829784413
2409,ING4,EWSR1,-0.76088829784413
2410,NR2E1,EWSR1,0.76088829784413
2411,SIN3A,EWSR1,-0.76088829784413
2412,SIX1,EWSR1,-0.76088829784413
2413,FHL2,EWSR1,-0.681351383745806
2414,FOXH1,EWSR1,-0.681351383745806
2415,HEY2,EWSR1,-0.681351383745806
2416,KLF3,EWSR1,-0.681351383745806
2417,MEIS2,EWSR1,0.681351383745806
2418,MXI1,EWSR1,-0.681351383745806
2419,NUPR1,EWSR1,0.681351383745806
2420,RELB,EWSR1,0.681351383745806
2421,SALL3,EWSR1,0.681351383745806
2422,SMAD2,EWSR1,-0.681351383745806
2423,TBX1,EWSR1,-0.681351383745806
2424,HHEX,HDAC3,-1
2425,HOXB9,HDAC3,1
2426,ING4,HDAC3,-1
2427,NANOG,HDAC3,-0.655261927492969
2428,NR2E1,HDAC3,1
2429,SIN3A,HDAC3,-1
2430,SIX1,HDAC3,-1
2431,HOXB9,HHEX,-1
2432,ING4,HHEX,1
2433,NANOG,HHEX,0.655261927492969
2434,NR2E1,HHEX,-1
2435,SIN3A,HHEX,1
2436,SIX1,HHEX,1
2437,ING4,HOXB9,-1
2438,NANOG,HOXB9,-0.655261927492969
2439,NR2E1,HOXB9,1
2440,SIN3A,HOXB9,-1
2441,SIX1,HOXB9,-1
2442,NANOG,ING4,0.655261927492969
2443,NR2E1,ING4,-1
2444,SIN3A,ING4,1
2445,SIX1,ING4,1
2446,NR2E1,NANOG,-0.655261927492969
2447,SIN3A,NANOG,0.655261927492969
2448,SIX1,NANOG,0.655261927492969
2449,ERF,NANOG,-0.566868886786617
2450,FOXJ1,NANOG,-0.532338799413809
2451,HIC1,NANOG,-0.532338799413809
2452,KCNIP3,NANOG,-0.532338799413809
2453,SOX17,NANOG,0.532338799413809
2454,SIN3A,NR2E1,-1
2455,SIX1,NR2E1,-1
2456,SIX1,SIN3A,1
2457,MYOD1,FOXC1,-1
2458,RUNX3,FOXC1,-1
2459,ZGPAT,FOXC1,-1
2460,RUNX3,MYOD1,1
2461,ZGPAT,MYOD1,1
2462,ZGPAT,RUNX3,1
2463,FOXH1,FHL2,1
2464,FOXO4,FHL2,0.693601816888694
2465,HEY2,FHL2,1
2466,KLF3,FHL2,1
2467,MEIS2,FHL2,-1
2468,MXI1,FHL2,1
2469,NUPR1,FHL2,-1
2470,RELB,FHL2,-1
2471,SALL3,FHL2,-1
2472,SMAD2,FHL2,1
2473,TBX1,FHL2,1
2474,FOXO4,FOXH1,0.693601816888694
2475,HEY2,FOXH1,1
2476,KLF3,FOXH1,1
2477,MEIS2,FOXH1,-1
2478,MXI1,FOXH1,1
2479,NUPR1,FOXH1,-1
2480,RELB,FOXH1,-1
2481,SALL3,FOXH1,-1
2482,SMAD2,FOXH1,1
2483,TBX1,FOXH1,1
2484,HEY2,FOXO4,0.693601816888694
2485,KLF3,FOXO4,0.693601816888693
2486,MEIS2,FOXO4,-0.693601816888694
2487,MXI1,FOXO4,0.693601816888694
2488,NUPR1,FOXO4,-0.693601816888693
2489,RELB,FOXO4,-0.693601816888694
2490,SALL3,FOXO4,-0.693601816888694
2491,SMAD2,FOXO4,0.693601816888694
2492,TBX1,FOXO4,0.693601816888693
2493,E2F1,FOXO4,0.689520813812191
2494,E2F2,FOXO4,0.689520813812191
2495,PLAGL1,FOXO4,-0.689520813812191
2496,TFDP2,FOXO4,0.689520813812191
2497,KLF3,HEY2,1
2498,MEIS2,HEY2,-1
2499,MXI1,HEY2,1
2500,NUPR1,HEY2,-1
2501,RELB,HEY2,-1
2502,SALL3,HEY2,-1
2503,SMAD2,HEY2,1
2504,TBX1,HEY2,1
2505,MEIS2,KLF3,-1
2506,MXI1,KLF3,1
2507,NUPR1,KLF3,-1
2508,RELB,KLF3,-1
2509,SALL3,KLF3,-1
2510,SMAD2,KLF3,1
2511,TBX1,KLF3,1
2512,MXI1,MEIS2,-1
2513,NUPR1,MEIS2,1
2514,RELB,MEIS2,1
2515,SALL3,MEIS2,1
2516,SMAD2,MEIS2,-1
2517,TBX1,MEIS2,-1
2518,NUPR1,MXI1,-1
2519,RELB,MXI1,-1
2520,SALL3,MXI1,-1
2521,SMAD2,MXI1,1
2522,TBX1,MXI1,1
2523,RELB,NUPR1,1
2524,SALL3,NUPR1,1
2525,SMAD2,NUPR1,-1
2526,TBX1,NUPR1,-1
2527,SALL3,RELB,1
2528,SMAD2,RELB,-1
2529,TBX1,RELB,-1
2530,SMAD2,SALL3,-1
2531,TBX1,SALL3,-1
2532,TBX1,SMAD2,1
2533,HOPX,CREB5,1
2534,HOXB7,CREB5,1
2535,NR4A1,CREB5,-1
2536,SMARCA1,CREB5,1
2537,HOXB7,HOPX,1
2538,NR4A1,HOPX,-1
2539,SMARCA1,HOPX,1
2540,NR4A1,HOXB7,-1
2541,SMARCA1,HOXB7,1
2542,SMARCA1,NR4A1,-1
2543,HIC1,FOXJ1,1
2544,KCNIP3,FOXJ1,1
2545,SOX17,FOXJ1,-1
2546,KCNIP3,HIC1,1
2547,SOX17,HIC1,-1
2548,SOX17,KCNIP3,-1
2549,HTATIP2,FGF2,-0.662166034027362
2550,KLF15,FGF2,0.662166034027362
2551,KLF6,FGF2,0.662166034027362
2552,MLXIP,FGF2,0.662166034027362
2553,TBXT,FGF2,0.662166034027362
2554,ZNF202,FGF2,-0.662166034027362
2555,ZNF354C,FGF2,-0.662166034027362
2556,CEBPZ,FGF2,-0.719858713728863
2557,ELF1,FGF2,-0.719858713728863
2558,KLF9,FGF2,0.719858713728863
2559,NEUROD1,FGF2,0.719858713728863
2560,NFE2L3,FGF2,-0.719858713728863
2561,OTX2,FGF2,-0.719858713728863
2562,SOX5,FGF2,-0.719858713728863
2563,ZNF91,FGF2,0.719858713728863
2564,KLF15,HTATIP2,-1
2565,KLF6,HTATIP2,-1
2566,MLXIP,HTATIP2,-1
2567,TBXT,HTATIP2,-1
2568,ZNF202,HTATIP2,1
2569,ZNF354C,HTATIP2,1
2570,KLF6,KLF15,1
2571,MLXIP,KLF15,1
2572,TBXT,KLF15,1
2573,ZNF202,KLF15,-1
2574,ZNF354C,KLF15,-1
2575,MLXIP,KLF6,1
2576,TBXT,KLF6,1
2577,ZNF202,KLF6,-1
2578,ZNF354C,KLF6,-1
2579,TBXT,MLXIP,1
2580,ZNF202,MLXIP,-1
2581,ZNF354C,MLXIP,-1
2582,ZNF202,TBXT,-1
2583,ZNF354C,TBXT,-1
2584,ZNF354C,ZNF202,1
2585,ELF1,CEBPZ,1
2586,KLF9,CEBPZ,-1
2587,NEUROD1,CEBPZ,-1
2588,NFE2L3,CEBPZ,1
2589,OTX2,CEBPZ,1
2590,SOX5,CEBPZ,1
2591,ZNF91,CEBPZ,-1
2592,KLF9,ELF1,-1
2593,NEUROD1,ELF1,-1
2594,NFE2L3,ELF1,1
2595,OTX2,ELF1,1
2596,SOX5,ELF1,1
2597,ZNF91,ELF1,-1
2598,NEUROD1,KLF9,1
2599,NFE2L3,KLF9,-1
2600,OTX2,KLF9,-1
2601,SOX5,KLF9,-1
2602,ZNF91,KLF9,1
2603,NFE2L3,NEUROD1,-1
2604,OTX2,NEUROD1,-1
2605,SOX5,NEUROD1,-1
2606,ZNF91,NEUROD1,1
2607,OTX2,NFE2L3,1
2608,SOX5,NFE2L3,1
2609,ZNF91,NFE2L3,-1
2610,SOX5,OTX2,1
2611,ZNF91,OTX2,-1
2612,ZNF91,SOX5,-1
2613,E2F2,E2F1,1
2614,PLAGL1,E2F1,-1
2615,TFDP2,E2F1,1
2616,PLAGL1,E2F2,-1
2617,TFDP2,E2F2,1
2618,TFDP2,PLAGL1,-1
